N,tau,A1,M1_fwd,M1_bwd,S1,band_mean,band_std,A2a,M2a_fwd,M2a_bwd,S2a,A2b,M2b_fwd,M2b_bwd,S2b,S2b_input,included
4,0.5,-0.00016859808016165406,0.042791414376799716,0.04296001245696137,1.0,0.0006566945597053503,0.002223802158250826,0.001366246696272666,0.04432625915323052,0.04296001245695785,1.0358680543465035,-0.00017021124807048427,0.042789801208890886,0.04296001245696137,0.9999623015987594,0.9985284622186918,True
4,0.55,-0.00020168089052548938,0.04275833156643588,0.04296001245696137,0.9992268820545981,0.0007224136974990199,0.0024562813249230974,0.0015046782790507779,0.04446469073600863,0.04296001245695785,1.0399070568719804,-0.00020329281126526405,0.042756719645696106,0.04296001245696137,0.9999623015987593,0.9978462574183826,True
4,0.6000000000000001,-0.00023434280753648756,0.04272566964942488,0.04296001245696137,0.9984636000391126,0.0007844164462132143,0.0026760437257023454,0.0016378661915831122,0.044597878648540965,0.04296001245695785,1.0438193014756243,-0.00024249629843857423,0.042717516158522796,0.04296001245696137,0.9998091664573314,0.9969510295208277,True
4,0.6500000000000001,-0.0002694632421203838,0.042690549214840987,0.04296001245696137,0.9976428644991595,0.0008463198755789816,0.0028954322422753477,0.0017636745467749862,0.04472368700373284,0.04296001245695785,1.0476250089606496,-0.00027761003086551606,0.042682402426095854,0.04296001245696137,0.9998091664573315,0.9958028782116083,True
4,0.7000000000000002,-0.00030696653298336457,0.04265297733707799,0.04295994387006136,0.9967648407574773,0.0009081025819540385,0.003114351300765686,0.0018800428695261232,0.04483998673958387,0.04295994387005775,1.051274483964446,-0.00033268644506995876,0.0426272574249914,0.04295994387006136,0.9993969960904878,0.99435874898176,True
4,0.7500000000000002,-0.00034524688823815014,0.042612963328044214,0.042958210216282364,0.9958297464256696,0.0009697306161208143,0.0033327364336694157,0.00198647874654119,0.04494468896281945,0.04295821021627826,1.0547186924510528,-0.0003709426717208586,0.042587267544561505,0.042958210216282364,0.9993969960904878,0.9925725740464971,True
4,0.8000000000000003,-0.00038365862964308967,0.04257051873825506,0.04295417736789815,0.9948378514297388,0.001031408450870479,0.003550476104278916,0.0020816066286478,0.04503578399654141,0.04295417736789361,1.0579101531142723,-0.0004463027563363295,0.04250787461156182,0.04295417736789815,0.9985284622186916,0.990395448548004,True
4,0.8500000000000003,-0.00042221492991812576,0.04252565735544593,0.04294787228536406,0.9937894779776695,0.0010932730393080263,0.003767436917758675,0.0021635142026469115,0.045111386488005924,0.04294787228535901,1.060803977959646,-0.00048479304139163737,0.04246307924397242,0.04294787228536406,0.9985284622186916,0.9877758469797736,True
4,0.9000000000000004,-0.00046092856788609166,0.042478395200695414,0.042939323768581505,0.9926850004688321,0.0011553206860327348,0.003983552690971643,0.0022304630742148793,0.04516978684279083,0.04293932376857595,1.0633590706376628,-0.0005904439408556325,0.04234887982772587,0.042939323768581505,0.9969510295208276,0.9846598848069902,True
4,0.9500000000000004,-0.0004998118902609996,0.04242875052204993,0.04292856241231093,0.991524845344995,0.0012175081568424628,0.004198752711249489,0.0022809467051465304,0.04520950911745138,0.042928562412304846,1.0655394882287732,-0.000629175898070905,0.04229938651424003,0.04292856241231093,0.9969510295208275,0.9809916301750992,True
4,1.0000000000000004,-0.0005388767736844366,0.04237674378563992,0.04291562055932436,0.9903094908827175,0.001279652821292725,0.004412940008223002,0.0023137547515931015,0.045229375310910855,0.04291562055931775,1.0673159679210085,-0.0007779346227148806,0.04213768593660948,0.04291562055932436,0.9943587489817598,0.9767134703747672,True
4,1.0500000000000005,-0.0005781345870431095,0.0423223976642777,0.04290053225132081,0.9890394669268913,0.0013416322828791929,0.00462614321361025,0.0023310606705791853,0.045231592921892806,0.04290053225131362,1.0687389046502584,-0.0008168858559610831,0.042083646395359726,0.04290053225132081,0.9943587489817598,0.9717665373427244,True
4,1.1000000000000005,-0.0006175961541038388,0.04226573702352733,0.04288333317763117,0.9877153545652048,0.0014033571252392374,0.004838383474452597,0.0023482597442693876,0.045231592921892806,0.04288333317762342,1.0701716356375028,-0.001023539600002843,0.041859793577628326,0.04288333317763117,0.9903954485480039,0.9660911959010319,True
4,1.1500000000000006,-0.0006572717165048564,0.04220678890523646,0.042864060621741314,0.9863377857432956,0.001464820052838131,0.005049594702000324,0.002367532300159819,0.045231592921892806,0.04286406062173299,1.0716662910189094,-0.0010626489921687354,0.04180141162957258,0.042864060621741314,0.990395448548004,0.9596275976493304,True
4,1.2000000000000006,-0.0006971708971455493,0.04214558250852031,0.04284275340566586,0.9849074428203627,0.0015260130792300057,0.00525971203607956,0.0023888395162358564,0.045231592921892806,0.04284275340565695,1.0732226304559587,-0.0013436889877027625,0.0414990644179631,0.04284275340566586,0.9846598848069898,0.9523163024046885,True
4,1.2500000000000007,-0.0007373026640196401,0.0420821491681884,0.04281945183220804,0.9834250580650155,0.0015869275944753864,0.00546867154978563,0.002412141089694321,0.045231592921892806,0.042819451832198485,1.074840373316418,-0.0013828476798290815,0.04143660415237896,0.04281945183220804,0.98465988480699,0.9440989678141031,True
4,1.3000000000000007,-0.0007776752945403143,0.04201652233060478,0.042794197625145095,0.9818914130911489,0.0016475544225076303,0.005676410010490166,0.0024373952967578563,0.045231592921892806,0.04279419762513495,1.076519197995265,-0.0017560942865412071,0.04103810333860389,0.042794197625145095,0.976713470374767,0.934919106232788,True
4,1.3500000000000008,-0.0008182963404095855,0.04194873752697264,0.042767033867382225,0.9803073382336258,0.0017078638966152642,0.005882861373499768,0.0024645590545213786,0.045231592921892806,0.04276703386737143,1.0782587412269398,-0.0017951368595725617,0.04097189700780966,0.042767033867382225,0.9767134703747669,0.9247229061611623,True
4,1.4000000000000008,-0.0008591725930867031,0.041878832344035555,0.04273800493712226,0.9786737118635896,0.0017677428207258858,0.0060879454989376715,0.0024935879847820183,0.045231592921892806,0.04273800493711079,1.0800585973914996,-0.002279233714934145,0.04045877122218811,0.04273800493712226,0.9660911959010317,0.9134601134677677,True
4,1.4500000000000008,-0.0009003100499151775,0.04180684639218795,0.04270715644210313,0.9769914596432323,0.0018271662911651127,0.006291596216339966,0.0025244364798017935,0.045231592921892806,0.04270715644209101,1.0819183178175527,-0.0023179302142235375,0.04038922622787959,0.04270715644210313,0.9660911959010318,0.9010849653080042,True
4,1.5000000000000009,-0.0009417138809702658,0.04173282127098848,0.042674535151958744,0.9752615537198701,0.0018861234658519327,0.0064937498304187,0.0025570577699468994,0.045231592921892806,0.04267453515194591,1.0838374100851067,-0.0029316891102552714,0.03974284604170347,0.042674535151958744,0.9523163024046883,0.8875571671064301,True
4,1.550000000000001,-0.0009833883966939919,0.041656800532071,0.04264018892876499,0.9734850118592043,0.0019446032336588725,0.006694342666492154,0.0025914039931413113,0.045231592921892806,0.042640188928751495,1.0858153373317672,-0.0029697386760534836,0.03967045025271151,0.04264018892876499,0.9523163024046883,0.872842900245407,True
4,1.600000000000001,-0.001025337016386435,0.04157882963945004,0.042604166655836474,0.9716628965176924,0.0020025957281195055,0.006893309320061954,0.002627426266070522,0.045231592921892806,0.042604166655822284,1.0878515175659735,-0.003731324411116503,0.03887284224471997,0.042604166655836474,0.9349191062327876,0.8569158452539087,True
4,1.650000000000001,-0.0010675622376274119,0.041498955927218195,0.04256651816484561,0.9697963138539712,0.002060837031802948,0.007090118357095074,0.0026608226407602853,0.04522734080559095,0.04256651816483067,1.0898428597796939,-0.0037683513797769214,0.038798166785068686,0.04256651816484561,0.9349191062327877,0.839758202394354,True
4,1.700000000000001,-0.0011100656067048603,0.04141722855463593,0.04252729416134079,0.9678864126793427,0.0021189531737823533,0.007285039902000519,0.0026761118667639194,0.045203406028089026,0.042527294161325106,1.0914155197144233,-0.004694307866302594,0.037832986295038194,0.04252729416134079,0.9134601134677675,0.8213616886982428,True
4,1.750000000000001,-0.001152847690130042,0.04133369845861574,0.04248654614874578,0.9659343833473681,0.002176904486332508,0.007478060850492285,0.0026720999238474194,0.04515864607257677,0.04248654614872935,1.0925382377236494,-0.004729861264696163,0.03775668488404962,0.04248654614874578,0.9134601134677675,0.8017284878176466,True
4,1.8000000000000012,-0.0011959080473230993,0.04124841830360548,0.04244432635092858,0.963941456582683,0.0022346755191334235,0.00766911431632991,0.0026495646723518756,0.04509389102326328,0.0424443263509114,1.093227155799127,-0.00583399705375949,0.03661032929716909,0.04244432635092858,0.8875571671064298,0.7808721266710639,True
4,1.8500000000000012,-0.0012392452045552477,0.041161442428878245,0.04240068763343349,0.9619089022492046,0.0022928056955743427,0.007857562655324153,0.0026099802487437943,0.04501066788215929,0.04240068763341549,1.0935153198270935,-0.005867554397243915,0.03653313323618958,0.04240068763343349,0.8875571671064297,0.7588182509153599,True
4,1.9000000000000012,-0.001282856630236348,0.04107282679323958,0.042355683423475926,0.9598380280579857,0.00235171265222237,0.008042911125027537,0.0025555952954888564,0.04491127871894599,0.042355683423457136,1.0934547783874036,-0.007159727334979653,0.03519595608849627,0.042355683423475926,0.8569158452539085,0.7356052699276105,True
4,1.9500000000000013,-0.0013267387116408375,0.04098262891716552,0.042309367628806355,0.9577301782150284,0.00241046499258846,0.008226139805750854,0.002489502432020105,0.04479887006080685,0.042309367628786745,1.0931185051928893,-0.007190703529526193,0.03511866409928016,0.042309367628806355,0.8569158452539085,0.7112848413937184,True
4,2.0000000000000013,-0.0013708867331641839,0.04089090782239015,0.04226179455555434,0.9555867320094948,0.0024689808474485735,0.008407214024716652,0.0027121335674205327,0.044973928122954414,0.04226179455553388,1.0998515444631085,-0.008675569454151773,0.033586225101402564,0.04226179455555434,0.8213616886982429,0.6859221659341656,True
4,2.0500000000000016,-0.0014152948562077688,0.04079772396896314,0.04221301882517091,0.9534091023427939,0.0025272316790832684,0.008586068270432954,0.003148590197134482,0.045361609022284054,0.04221301882514957,1.111866168239995,-0.008703331370978569,0.03350968745419234,0.04221301882517091,0.8213616886982428,0.6595960635991971,True
4,2.1000000000000014,-0.0014599561007881678,0.040703139189804755,0.04216309529059292,0.9511987341991863,0.0025852002884739797,0.008762629325863677,0.0036587257188839747,0.045821821009454686,0.04216309529057071,1.1257564384845298,-0.010379148429261763,0.03178394686133116,0.04216309529059292,0.7808721266710638,0.6323988066621498,True
4,2.1500000000000012,-0.0015048623289705548,0.04060721662278838,0.04211207895175893,0.9489571030586091,0.0026428702010244352,0.008936821728678693,0.0042375404990683055,0.04634961945080416,0.042112078951735854,1.1414133571714247,-0.010403035349329598,0.031709043602429335,0.04211207895175893,0.7808721266710639,0.6044356870232332,True
4,2.2000000000000015,-0.0015500042302250064,0.04051002064038719,0.042060024870612195,0.9466857132525763,0.002700225848738417,0.009108567351706235,0.004876922649752188,0.046936947520340326,0.04206002487058814,1.158650298823736,-0.012260640202667102,0.029799384667945093,0.042060024870612195,0.7356052699276105,0.5758243017542617,True
4,2.2500000000000018,-0.0015953713088056667,0.040411616776925875,0.04200698808573154,0.9443860962641119,0.0027572268589456887,0.009277766241680106,0.005565705008169372,0.04757269309387595,0.042006988085706576,1.1772034105064286,-0.012279989818329829,0.029726998267401713,0.04200698808573154,0.7356052699276105,0.5466935468580492,True
4,2.3000000000000016,-0.0016409518732516948,0.04031207165348557,0.041953023526737264,0.9420598089728397,0.0028137241382663668,0.009444249259087543,0.0062898597987502206,0.048242883325461526,0.041953023526711306,1.1967354032347335,-0.014302080024885158,0.027650943501852106,0.041953023526737264,0.6859221659341657,0.5171823171073291,True
4,2.3500000000000014,-0.0016867330281084836,0.04021145290051448,0.04189818592862296,0.9397084318464589,0.002869681530344449,0.009607912883861584,0.007032814941268506,0.04893100086986456,0.04189818592859605,1.2168424003709282,-0.014316259059742382,0.027581926868880578,0.04189818592862296,0.6859221659341657,0.4874379187140625,True
4,2.4000000000000017,-0.001732700667966186,0.04010982907820479,0.041842529746170976,0.9373335670800167,0.002925091097237761,0.009768661519104039,0.0077758693059860745,0.04961839905212915,0.041842529746143074,1.2370633381504785,-0.01647712170169147,0.025365408044479506,0.041842529746170976,0.6323988066621499,0.4576142113266041,True
4,2.450000000000002,-0.0017788394739096172,0.04000726959470235,0.041786109068611965,0.9349368366845371,0.002979893703195104,0.009926377629445165,0.008498681703185539,0.05028479077176853,0.04178610906858299,1.2568913420281773,-0.01648555951911129,0.025300549549500676,0.041786109068611965,0.6323988066621499,0.42786950614308805,True
4,2.5000000000000018,-0.001825132912471758,0.039903844622222934,0.04172897753469469,0.9325198805267269,0.0030338753287342548,0.01008096830937084,0.009179809460205031,0.050908786994869726,0.041728977534664695,1.2757865182373431,-0.018751374067792606,0.022977603466902086,0.04172897753469469,0.575824301754262,0.3983642573706868,True
4,2.5500000000000016,-0.001871563237179151,0.039799625011156324,0.041671188248335475,0.930084354321659,0.0030869757670399837,0.010232323002808403,0.009797275942057815,0.05146846419036224,0.041671188248304424,1.2931896764337603,-0.018753596966204922,0.022917591282130553,0.041671188248335475,0.575824301754262,0.36925859439114944,True
4,2.600000000000002,-0.0019181114927726284,0.03969468220224737,0.041612793695019995,0.9276319275805169,0.0031395155464712557,0.010380274777172144,0.010329151041212549,0.0519419447362004,0.041612793694987854,1.3085366062776953,-0.021083405976822633,0.020529387718197362,0.041612793695019995,0.5171823171073294,0.34070975130234665,True
4,2.650000000000002,-0.001964757522182947,0.039589088136950404,0.04155384565913335,0.9251642815156509,0.003191661315011267,0.010524971303124256,0.010754133435702966,0.05230797909480308,0.041553845659100114,1.321272642447693,-0.021079069324299055,0.020474776334834296,0.04155384565913335,0.5171823171073294,0.31286945845627007,True
4,2.700000000000002,-0.0020114799763336216,0.03948291516606296,0.041494395142396584,0.9226831069054233,0.0032434728066329695,0.01066636103789132,0.011052127599825858,0.052546522742188094,0.041494395142362236,1.330867351642611,-0.02342645205780345,0.018067943084593134,0.041494395142396584,0.4576142113266045,0.2858813666720596,True
4,2.7500000000000018,-0.00205825632683828,0.03937623595675137,0.04143449228358965,0.9201901019214742,0.0032949646548829374,0.010804293025421172,0.011204811828571366,0.0526393041121256,0.04143449228355423,1.336829253307544,-0.023415367121230584,0.018019125162359064,0.04143449228358965,0.4576142113266045,0.2598785784716662,True
4,2.800000000000002,-0.0021050628816510694,0.03926912339809075,0.04137418627974182,0.9176869699212689,0.0033461551309040935,0.010938608467129875,0.011265742169442101,0.052639928449147395,0.041374186279705294,1.34049155911911,-0.02573077109966352,0.0156434151800783,0.04137418627974182,0.39836425737068726,0.23498136154363355,True
4,2.8500000000000023,-0.002151874803720838,0.0391616505052503,0.04131352530897114,0.9151754172089864,0.0033970657875392624,0.011069142138646633,0.01132640314021379,0.052639928449147395,0.041313525308933605,1.3441703240288634,-0.0257129234880367,0.015600601820934435,0.04131352530897114,0.39836425737068726,0.2112951173769141,True
4,2.900000000000002,-0.0021986661326923868,0.039053890322462544,0.04125255645515493,0.9126571507679926,0.0034477207191953175,0.011195724912352989,0.01138737199403106,0.052639928449147395,0.041252556455116336,1.3478792513244346,-0.027946515195999576,0.013306041259155356,0.04125255645515493,0.34070975130234715,0.1889086724577068,True
4,2.950000000000002,-0.0022454098096851977,0.038945915824926014,0.04119132563461121,0.9101338759683854,0.003498145333795012,0.011318187654562587,0.011448602814575812,0.052639928449147395,0.041191325634571584,1.3516161408497933,-0.027922072339658523,0.013269253294952689,0.04119132563461121,0.34070975130234715,0.16789295059896983,True
4,3.000000000000002,-0.002292077705173451,0.03883779981979732,0.04112987752497077,0.9076072942532618,0.0035483645574437167,0.011436366684448461,0.0115100509242173,0.052639928449147395,0.041129877524930095,1.3553787468237202,-0.03002687423395122,0.011103003291019547,0.04112987752497077,0.2858813666720601,0.1483000730796547,True
4,3.0500000000000025,-0.002338640649976617,0.03872961484643918,0.041068255496415795,0.9050791008075972,0.003603318839025541,0.011536728779407106,0.01157167295277331,0.052639928449147395,0.041068255496374086,1.3591647801782138,-0.029996180273433252,0.011072075222982541,0.041068255496415795,0.2858813666720601,0.13016291871503904,True
4,3.1000000000000023,-0.0023850684693604643,0.03862143307609871,0.04100650154545917,0.9025509822138094,0.003661938217021182,0.01162230186140322,0.011633426903731023,0.052639928449147395,0.04100650154541637,1.3629719110999066,-0.03193118461647115,0.009075316928988015,0.04100650154545917,0.234981361543634,0.11349515936043218,True
4,3.150000000000002,-0.002431330020234962,0.038513326211198406,0.04094465623143337,0.9000246140982718,0.0037198851115294376,0.011704861314898379,0.01169527221775786,0.052639928449147395,0.040944656231389535,1.3667977717759792,-0.03189474240075184,0.009049913830681528,0.04094465623143337,0.234981361543634,0.09829176843756414,True
4,3.2000000000000024,-0.002477393231422549,0.03840536538443165,0.0408827586158542,0.8975016587732595,0.0037770490237618967,0.011784532738681483,0.011757169833338112,0.052639928449147395,0.040882758615809284,1.3706399593450034,-0.03362765202582803,0.007255106590026168,0.0408827586158542,0.1889086724577073,0.08452998176632015,True
4,3.2500000000000027,-0.002523225146956916,0.038297621057860984,0.0408208462048179,0.8949837628789588,0.0038331869544276725,0.011861163984760682,0.011819082244375466,0.052639928449147395,0.04082084620477193,1.3744960390520786,-0.033586093452489044,0.007234752752328854,0.0408208462048179,0.1889086724577073,0.0721706722616175,True
4,3.3000000000000025,-0.0025687919723592703,0.03819016292222569,0.04075895489458496,0.8924725550303686,0.003888184265460388,0.011934812661838639,0.011880973554609466,0.052639928449147395,0.04075895489453793,1.3783635476064522,-0.035095350942294955,0.005663603952290008,0.04075895489458496,0.14830007307965518,0.061160083906554585,True
4,3.3500000000000023,-0.002614059123823495,0.03808305979667253,0.040697118920496024,0.8899696434740908,0.003941967756392972,0.012005586249950736,0.011942809528699458,0.052639928449147395,0.04069711892044794,1.38223999673857,-0.035049398369552606,0.005647720550943414,0.040697118920496024,0.14830007307965518,0.051431856771352126,True
4,3.4000000000000026,-0.002658991280228784,0.037976379529128704,0.04063537080935749,0.8874766137601288,0.003994469935857996,0.01207357719584885,0.011918694683772199,0.05255406549308058,0.04063537080930838,1.383861920085628,-0.036325235562766754,0.004310135246590732,0.04063537080935749,0.11349515936043258,0.04290926451744696,True
4,3.450000000000003,-0.0027035524378822007,0.0378701888975438,0.040573741335426,0.8849950264339927,0.004045628683319958,0.012138864496829356,0.011718567246484804,0.052292308581860666,0.04057374133537586,1.3808304131604756,-0.036275658211489585,0.004298083123936419,0.040573741335426,0.11349515936043258,0.03550757941842802,True
4,3.5000000000000027,-0.002747705967880716,0.037764553512230584,0.0405122594801113,0.8825264147544851,0.0040953881743734585,0.012201517553981295,0.01133312112267782,0.05184538060273801,0.04051225948006019,1.3728582964961349,-0.037320022460309216,0.003192237019802087,0.0405122594801113,0.08452998176632052,0.029136477809610116,True
4,3.5500000000000025,-0.0027914146759660946,0.037659537719541,0.0404509523955071,0.8800722824426885,0.004143780398791556,0.012261737406250408,0.010757049046097325,0.05120800144155225,0.040450952395454924,1.3597618171234518,-0.037267592358746236,0.003183360036760861,0.0404509523955071,0.08452998176632052,0.023702401131195885,True
4,3.6000000000000028,-0.002834640864732986,0.03755520450711548,0.04038984537184847,0.8776341014677197,0.004190721051652861,0.012319867984773164,0.009989562275315077,0.05037940764711036,0.04038984537179528,1.3414760566026238,-0.038092965913065456,0.0022968794587830106,0.04038984537184847,0.06116008390655487,0.01911079414957842,True
4,3.650000000000003,-0.002877346398035392,0.03745161541094801,0.040328961808983405,0.8752133098749175,0.004236067886056415,0.012376188332521432,0.00903489932767016,0.04936386113659937,0.04032896180892921,1.318070278009133,-0.0380384178680138,0.002290543940969604,0.040328961808983405,0.06116008390655487,0.015268152041630824,True
4,3.700000000000003,-0.002919492767424599,0.03734883042450953,0.04026832319193413,0.8728113096621317,0.004279778929267816,0.012430727280560959,0.007902816737473187,0.04817113992935217,0.04026832319187899,1.2897630094928136,-0.038665712347831574,0.0016026108441025595,0.04026832319193413,0.042909264517447206,0.01208382107987251,True
4,3.7500000000000027,-0.0029610411604365852,0.03724690791017446,0.040207949070611045,0.8704294647098337,0.004321840582752232,0.012483567531775786,0.006609046199313996,0.04681699526986891,0.040207949070554916,1.2569364249718098,-0.038609711646636374,0.0015982374239746726,0.040207949070611045,0.042909264517447206,0.009471512750478356,True
4,3.800000000000003,-0.003001952530536499,0.03714590451319329,0.040147857043729786,0.8680690987707276,0.004362378785875839,0.012535106081840275,0.005175687394237981,0.04532354443791066,0.04014785704367268,1.220149166695157,-0.03906555622116323,0.001082300822566559,0.040147857043729786,0.02913647780961029,0.0073505072502319715,True
4,3.850000000000003,-0.003042187668514461,0.03704587507845399,0.04008806274696845,0.865731493524533,0.004401391493488352,0.012585429371246086,0.0036314808632285367,0.043719543610138946,0.04008806274691041,1.1801460626197053,-0.03900867642980748,0.0010793863171609697,0.04008806274696845,0.029136477809610293,0.00564653839601396,True
4,3.900000000000003,-0.0030817072751182575,0.03694687257027074,0.040028579845389,0.863417886703513,0.004438851004440251,0.01263455471897779,0.002011866473166632,0.04204044631849664,0.04002857984533001,1.1378621083161566,-0.03932249576922784,0.0007060840761611547,0.040028579845389,0.019110794149578562,0.0042923670530642995,True
4,3.950000000000003,-0.003120472034696002,0.036848947995436074,0.039969420030132076,0.8611294702942682,0.0044747323857650175,0.012682497446279403,0.0003586774442937632,0.040328097474365866,0.0399694200300721,1.0944165211815735,-0.03926520737036277,0.0007042126597693044,0.039969420030132076,0.019110794149578562,0.0032280633929832737,True
4,4.0000000000000036,-0.0031584426896160075,0.03675215032976605,0.03991059301938206,0.8588673888211561,0.00450904790933444,0.012729281893841711,-0.0012807495627524534,0.0386298434565687,0.03991059301932115,1.051090701087002,-0.039466486610496586,0.00044410640888547403,0.03991059301938206,0.012083821079872608,0.002401028972683088,True
6,0.5,0.00040610703317204774,0.025487153714172633,0.025081046681000585,1.0,0.00023035727963786182,0.001664982248002846,0.0006106367859962103,0.025691683467001545,0.025081046681005335,1.0080248173304334,0.00039949681378491017,0.025480543494785495,0.025081046681000585,0.9997406450535329,0.9985284622186918,True
6,0.55,0.0004804982021184394,0.025487153714172633,0.025006655512054193,1.0,0.00027260816049762027,0.0018671642614958956,0.0006850279549414744,0.025691683467001545,0.02500665551206007,1.0080248173304334,0.0004738879827313018,0.025480543494785495,0.025006655512054193,0.9997406450535329,0.9978462574183826,True
6,0.6000000000000001,0.000553685393171837,0.025487153714172633,0.024933468321000796,1.0,0.000311945316499604,0.0020603089631456802,0.000758215145993793,0.025691683467001545,0.024933468321007752,1.0080248173304334,0.0005470751737846995,0.025480543494785495,0.024933468321000796,0.9997406450535329,0.9969510295208277,True
6,0.6500000000000001,0.0006321798133501894,0.025487153714172633,0.024854973900822443,1.0,0.0003508142129518342,0.002259942531355628,0.0008367095661712294,0.025691683467001545,0.024854973900830316,1.0080248173304334,0.0006255695939630518,0.025480543494785495,0.024854973900822443,0.9997406450535329,0.9958028782116083,True
6,0.7000000000000002,0.0007159904861511815,0.025487153714172633,0.02477116322802145,1.0,0.00038950294099064295,0.0024657456968701337,0.0009205202389714132,0.025691683467001545,0.024771163228030132,1.0080248173304334,0.0007006216328191983,0.02547178486084065,0.02477116322802145,0.9993969960904878,0.99435874898176,True
6,0.7500000000000002,0.0008048410859332819,0.02548687197815498,0.024682030892221696,0.9999889459599604,0.00042786958401856354,0.0026774028206400825,0.0010096525747704324,0.025691683467001545,0.024682030892231113,1.0080359602002988,0.0007894724024892184,0.025471503294710915,0.024682030892221696,0.9993969960904878,0.9925725740464971,True
6,0.8000000000000003,0.0008952648488294822,0.025482840009465872,0.02458757516063639,0.9998307498453873,0.0004646613020284584,0.002893138792756922,0.0011041083063549652,0.025691683467001545,0.02458757516064658,1.0081954545669987,0.0008577658869805167,0.025445341047616907,0.02458757516063639,0.9985284622186916,0.990395448548004,True
6,0.8500000000000003,0.0009862969166807775,0.025474094958482747,0.02448779804180197,0.9994876338159869,0.000499509362642027,0.0031123448207821787,0.0012038854251886257,0.025691683467001545,0.02448779804181292,1.0085415599209087,0.0009488108235047345,0.025436608865306704,0.02448779804180197,0.9985284622186917,0.9877758469797736,True
6,0.9000000000000004,0.0010779924183395469,0.025460697766763327,0.02438270534842378,0.9989619889413311,0.000532390033245499,0.003334823702379828,0.0013089781185661419,0.025691683467001545,0.024382705348435403,1.0090722454802377,0.0010003635024695527,0.025383068850893333,0.02438270534842378,0.9969510295208275,0.9846598848069902,True
6,0.9500000000000004,0.0011704050545371311,0.025442711813710946,0.024272306759173815,0.9982563019409667,0.0005632929766915181,0.0035604018533493655,0.0014184268086782567,0.02569073356786424,0.024272306759185982,1.0097482436608678,0.0010928309773070334,0.025365137736480848,0.024272306759173815,0.9969510295208275,0.9809916301750992,True
6,1.0000000000000004,0.0012635869758878433,0.025420202855162752,0.02415661587927491,0.9973731527748957,0.0005923386096923002,0.0037888432531918296,0.0015256105044820778,0.025682226383769748,0.02415661587928767,1.010307688341432,0.0011201852306472852,0.025276801109922194,0.02415661587927491,0.9943587489817598,0.9767134703747672,True
6,1.0500000000000005,0.0013575886625353632,0.025393238962237562,0.0240356502997022,0.9963152122442434,0.0006195426651386553,0.004019995121483791,0.0016285177733814868,0.02566416807309707,0.024035650299715584,1.0106693404201965,0.0012143390273832225,0.02524998932708542,0.0240356502997022,0.9943587489817598,0.9717665373427244,True
6,1.1000000000000005,0.0014524588055444924,0.025361890460373314,0.02390943165482882,0.9950852395993648,0.0006449108357686578,0.004253667171224158,0.0017262198824993143,0.02563565153734202,0.023909431654842706,1.0107941904960296,0.0012088692236979504,0.025118300878526772,0.02390943165482882,0.990395448548004,0.9660911959010319,True
6,1.1500000000000006,0.001548244190132473,0.02532622986847363,0.023777985678341156,0.9936860801522329,0.0006690165207893711,0.004488223514717257,0.0018177655916762937,0.02559575127003182,0.023777985678355526,1.0106419867053997,0.0013049971122756389,0.025082982790616794,0.023777985678341156,0.990395448548004,0.9596275976493304,True
6,1.2000000000000006,0.001644989580828482,0.025286331838075573,0.02364134225724709,0.9921206628896585,0.0006924967688963076,0.004721989852506261,0.0019021831148034428,0.025543525372065345,0.023641342257261902,1.0101712472823954,0.0012570943376237244,0.024898436594870815,0.02364134225724709,0.98465988480699,0.9523163024046885,True
6,1.2500000000000007,0.0017427376086384186,0.0252422730924394,0.02349953548380098,0.9903919980834477,0.0007154465933566974,0.004954580788818449,0.0019784822590392555,0.025478017742855283,0.023499535483816027,1.0093392797690037,0.0013555182316669807,0.02485505371546796,0.02349953548380098,0.98465988480699,0.9440989678141031,True
6,1.3000000000000007,0.0018415286602857066,0.02519413236545548,0.023352603705169773,0.988503174893389,0.0007378829003566413,0.005185923919776147,0.0020456567361959305,0.02539826044138098,0.02335260370518505,1.00810220701251,0.0012548447505754852,0.024607448455745258,0.023352603705169773,0.976713470374767,0.934919106232788,True
6,1.3500000000000008,0.0019414007695881495,0.02514199034025505,0.0232005895706669,0.9864573589586173,0.0007597837673633751,0.005415931435485009,0.0021026866395810993,0.025303276210263546,0.023200589570682446,1.006415000078584,0.0013559310666924791,0.02455652063735938,0.0232005895706669,0.9767134703747671,0.9247229061611623,True
6,1.4000000000000008,0.0020423895110201207,0.025085929587404205,0.023043540076384084,0.9842577899726277,0.0007811099347777986,0.005644510710437143,0.0021485410787710456,0.025192081155170753,0.023043540076399707,1.00423151820612,0.0011917556390003171,0.0242352957153844,0.023043540076384084,0.9660911959010317,0.9134601134677677,True
6,1.4500000000000008,0.0021445278955027833,0.025026034502557814,0.02288150660705503,0.9819077792370984,0.0008018214024945904,0.005871572446329735,0.0021821809642426845,0.02506368757131339,0.022881506607070706,1.0015045559356088,0.0012959249941815291,0.02417743160123656,0.02288150660705503,0.9660911959010318,0.9010849653080042,True
6,1.5000000000000009,0.002247846268449257,0.024962391243441243,0.022714544974991986,0.9794107071893404,0.0008218773813887988,0.0060970300411881334,0.0022025619335636487,0.024917106908571473,0.022714544975007824,0.9981858975597272,0.001057547153141148,0.023772092128133134,0.022714544974991986,0.9523163024046883,0.8875571671064301,True
6,1.550000000000001,0.0023523722100852254,0.024895087666026945,0.02254271545594172,0.9767700208981571,0.0008412362398597268,0.006320799080285919,0.0022086374109964446,0.02475135286695411,0.022542715455957665,0.9942263790752188,0.0011652823782096235,0.023707997834151343,0.02254271545594172,0.9523163024046883,0.872842900245407,True
6,1.600000000000001,0.002458130438051844,0.024824213259769412,0.022366082821717568,0.9739892315227581,0.0008598554448987292,0.006542796914542866,0.0021993617930242647,0.024565444614757886,0.02236608282173362,0.9895759578640548,0.0008425484520381693,0.023208631273755737,0.022366082821717568,0.9349191062327877,0.8569158452539087,True
6,1.650000000000001,0.002565142712286427,0.024749859081758776,0.02218471636947235,0.9710719117292462,0.0008776914970325414,0.00676294230102971,0.0021736937535276786,0.024358410123016344,0.022184716369488666,0.9841837904026315,0.0009543997626330104,0.02313911613210536,0.02218471636947235,0.9349191062327877,0.839758202394354,True
6,1.700000000000001,0.0026734277421650646,0.02467211768965443,0.021998689947489367,0.9680216930592377,0.0008946998583362267,0.0069811550862734295,0.002130599664253472,0.024129289611759284,0.021998689947505812,0.9779983183963666,0.0005383054767924833,0.02253699542428185,0.021998689947489367,0.9134601134677675,0.8213616886982428,True
6,1.750000000000001,0.002783001095877865,0.024591083073258534,0.02180808197738067,0.9648422632451178,0.0009108348724975304,0.007197355917100484,0.0020690571289367354,0.023877139106334003,0.021808081977397267,0.9709673638693488,0.0006548915570133672,0.022462973534394037,0.02180808197738067,0.9134601134677675,0.8017284878176466,True
6,1.8000000000000012,0.002893875111997124,0.024506850584592343,0.02161297547259522,0.961537363466554,0.0009260496756291241,0.007411465966331547,0.001988058633111637,0.023601034105723548,0.02161297547261191,0.9630382339116929,0.0001382554069661139,0.021751230879561333,0.02161297547259522,0.8875571671064298,0.7808721266710639,True
6,1.8500000000000012,0.0030060588131820692,0.024419516866338673,0.021413458053156604,0.9581107855429035,0.0009402893185974564,0.007623402688851248,0.0018866153164131122,0.023300073369586657,0.021413458053173545,0.9541578360096418,0.000260259158838632,0.021673717211995236,0.021413458053156604,0.8875571671064298,0.7588182509153599,True
6,1.9000000000000012,0.003119557821954961,0.024329179778519245,0.021209621956564284,0.954566369056366,0.00095345013901601,0.007833055319540306,0.0017637608802531235,0.022973382836834637,0.021209621956581513,0.9442728051653566,-0.0003615623023201682,0.020848059654244116,0.021209621956564284,0.8569158452539084,0.7356052699276105,True
6,1.9500000000000013,0.003234374278466512,0.024235938323279298,0.021001564044812786,0.9509079984008739,0.0009654712811099359,0.008040337936592028,0.001618555651349638,0.022620119696179906,0.02100156404483027,0.9333296443675403,-0.00023340447099831282,0.020768159573814473,0.021001564044812786,0.8569158452539085,0.7112848413937184,True
6,2.0000000000000013,0.0033505067601563195,0.024139892567657965,0.020789385807501646,0.9471395997519528,0.0009763021758728384,0.008245170925579536,0.0014500908310374969,0.02223947663855664,0.020789385807519142,0.9212748804173446,-0.0009618028831359406,0.019827582924365705,0.020789385807501646,0.8213616886982428,0.6859221659341656,True
6,2.0500000000000016,0.0034679502031997947,0.024041143564229525,0.02057319336102973,0.9432651379530456,0.000985890345499811,0.008447473641882523,0.0012574929719975855,0.021830686333044698,0.020573193361047112,0.9080552376687382,-0.0008267190848772754,0.019746474276152455,0.02057319336102973,0.8213616886982428,0.6595960635991971,True
6,2.1000000000000014,0.003586695825619112,0.023939793269509995,0.020353097443890883,0.9392886133141577,0.000994287546090559,0.008647338481939547,0.0010399287386315195,0.021393026182539767,0.020353097443908248,0.8936178329403612,-0.001659180161462992,0.01869391728242789,0.020353097443890883,0.7808721266710639,0.6323988066621498,True
6,2.1500000000000012,0.0037067310519201396,0.023835944460030605,0.020129213408110466,0.9352140583189624,0.001001530144717413,0.008844829693845011,0.000796610025676027,0.020925823433803836,0.02012921340812781,0.8779103957425888,-0.001516388766393005,0.01861282464171746,0.020129213408110466,0.7808721266710638,0.6044356870232332,True
6,2.2000000000000015,0.0038280394391049626,0.023729700645992426,0.019901661206887463,0.9310455342370011,0.0010075576613727663,0.00903985220063649,0.0005267995331603471,0.020428460740064845,0.019901661206904498,0.8608815191065164,-0.0024459683578908105,0.017455692848996653,0.019901661206887463,0.7356052699276105,0.5758243017542617,True
6,2.2500000000000018,0.003950600603892247,0.023621165982425685,0.019670565378533438,0.9267871276379783,0.001012306552023689,0.009232307406728014,0.00022981692655700547,0.019900382305107156,0.01967056537855015,0.8424809478038968,-0.002294711200026299,0.01737585417850714,0.019670565378533438,0.7356052699276105,0.5466935468580492,True
6,2.3000000000000016,0.004074390150965605,0.02351044517779133,0.019436055026825726,0.9224429468057034,0.0010157097761527864,0.009422092178952297,-9.495424777306374e-05,0.019341100779068986,0.01943605502684205,0.8226599127667377,-0.0033097195483986347,0.01612633547842709,0.019436055026825726,0.6859221659341657,0.5171823171073291,True
6,2.3500000000000014,0.004199379602053934,0.023397643399974993,0.01919826379792106,0.9180171180497206,0.0010176962697586982,0.009609097631292496,-0.00044805866486337734,0.018750205133073714,0.01919826379793709,0.8013715233002378,-0.003149301559254976,0.016048962238666083,0.01919826379792106,0.6859221659341657,0.4874379187140625,True
6,2.4000000000000017,0.004325536325633428,0.02328286617963776,0.01895732985400433,0.9135137819132335,0.0010181903041844795,0.009793207671447975,-0.0008299600334934834,0.01812736982052678,0.018957329854020263,0.778571232625141,-0.004233273066326884,0.014724056787677447,0.01895732985400433,0.6323988066621499,0.4576142113266041,True
6,2.450000000000002,0.004452823467028088,0.023166219310904266,0.018713395843876178,0.9089370892765571,0.0010171107113376501,0.00997429726966462,-0.001241030193296487,0.017472365650595324,0.01871339584389181,0.7542173980184647,-0.004063106396786668,0.01465028944708951,0.018713395843876178,0.6323988066621499,0.42786950614308805,True
6,2.5000000000000018,0.004581199878670745,0.023047808749384006,0.01846660887071326,0.9042911973559378,0.0010143699601958755,0.010152230421862264,-0.0016815358951028196,0.01678507297562559,0.01846660887072841,0.7282719653804052,-0.005195120490633445,0.013271488380079816,0.01846660887071326,0.575824301754262,0.3983642573706868,True
6,2.5500000000000016,0.004710620050273947,0.0229277405075386,0.018217120457264653,0.8995802655982406,0.0010098730815143642,0.010326857807613866,-0.002151622392234022,0.016065498065045092,0.018217120457279114,0.7007013211686858,-0.00501477028870833,0.013202350168556323,0.018217120457264653,0.575824301754262,0.36925859439114944,True
6,2.600000000000002,0.004841034038649997,0.02280612054742641,0.01796508650877641,0.8948084514727361,0.001003516462936553,0.010498014200669575,-0.0026512925438697734,0.015313793964920509,0.017965086508790282,0.6714773752543642,-0.0061701642398293444,0.011794922268947067,0.01796508650877641,0.5171823171073294,0.34070975130234665,True
6,2.650000000000002,0.004972387396906537,0.02268305467087217,0.017710667273965634,0.8899799061618565,0.0009951849572877277,0.010665513325828678,-0.0031803794422327197,0.01453028783174614,0.01771066727397886,0.6405789715088425,-0.005979392500211733,0.011731274773753901,0.017710667273965634,0.5171823171073294,0.31286945845627007,True
6,2.700000000000002,0.0051046211027384394,0.02255864840713034,0.0174540273043919,0.885098770153615,0.0009829400570036727,0.010826424844723183,-0.003738509431544546,0.013715517872859987,0.017454027304404533,0.607993778054752,-0.0071308692049687865,0.010323158099423115,0.0174540273043919,0.4576142113266045,0.2858813666720596,True
6,2.7500000000000018,0.005237671485529314,0.02243300689812827,0.017195335412598958,0.8801691687390718,0.0009618135123322244,0.010973476317385928,-0.004325050434441322,0.012870284978169813,0.017195335412611135,0.5737209031591598,-0.006929672653227709,0.010265662759371248,0.017195335412598958,0.4576142113266045,0.2598785784716662,True
6,2.800000000000002,0.00537147015197352,0.022306234781395342,0.01693476462942182,0.8751952074190035,0.0009380850083090681,0.0111162309265139,-0.004939037064501203,0.011995727564931967,0.01693476462943317,0.537774648321064,-0.008048757975995071,0.00888600665342675,0.01693476462942182,0.39836425737068726,0.23498136154363355,True
6,2.8500000000000023,0.005505943909932712,0.022178436070804823,0.01667249216087211,0.8701809672247579,0.0009010971477358713,0.011234357731072652,-0.005579057741243903,0.011093434419638582,0.016672492160882485,0.5001901118826733,-0.007837395945882685,0.008835096214989426,0.01667249216087211,0.39836425737068726,0.2112951173769141,True
6,2.900000000000002,0.005641014690244063,0.022049714035273206,0.016408699345029143,0.8651304999589667,0.000854332406173741,0.01133492394100193,-0.006243077170513547,0.010165622174524987,0.016408699345038535,0.4610319280450945,-0.008896146759783336,0.007512552585245807,0.016408699345029143,0.34070975130234715,0.1889086724577068,True
6,2.950000000000002,0.005776599466215299,0.021920171075583816,0.016143571609368516,0.8600478233626642,0.0008049555880604523,0.011431800712857404,-0.006928144149288405,0.009215427460088625,0.01614357160937703,0.4204085555862015,-0.008675155573701451,0.007468416035667065,0.016143571609368516,0.34070975130234715,0.16789295059896983,True
6,3.000000000000002,0.005912610170557515,0.02178990859951945,0.015877298428961937,0.85493691621606,0.0007531271810593867,0.01152537172889909,-0.007629886269700301,0.008247412159268904,0.015877298428969205,0.3784968680158112,-0.00964796957887204,0.006229328850089896,0.015877298428961937,0.2858813666720601,0.1483000730796547,True
6,3.0500000000000025,0.006048953609541783,0.021659026895509366,0.015610073285967583,0.8498017133810214,0.0006989966789747856,0.011615985173120865,-0.007435097822824499,0.008174975463149223,0.015610073285973722,0.3774396468774027,-0.00941816107629246,0.006191912209675124,0.015610073285967583,0.2858813666720601,0.13016291871503904,True
6,3.1000000000000023,0.006185531374205579,0.02152762500501449,0.015342093630808911,0.8446461007940494,0.0006427024780986697,0.01170395469331759,-0.005972957053443069,0.009369136577370792,0.01534209363081386,0.4352145940478066,-0.010283502996329826,0.0050585906344790856,0.015342093630808911,0.234981361543634,0.11349515936043218,True
6,3.150000000000002,0.006322239748494286,0.02139580059389383,0.015073560845399544,0.8394739104192821,0.0005843726902855315,0.01178956213314341,-0.004497857222083082,0.010575703623320292,0.015073560845403374,0.49428875432399116,-0.01004594649053028,0.005027614354869265,0.015073560845399544,0.234981361543634,0.09829176843756414,True
6,3.2000000000000024,0.006458969614297278,0.021263649823012508,0.01480468020871523,0.8342889151717415,0.0005241264090291438,0.011873060984209071,-0.003019411793337416,0.011785268415380792,0.014804680208718208,0.5542448504125679,-0.010787792349044374,0.004016887859670856,0.01480468020871523,0.1889086724577073,0.08452998176632015,True
6,3.2500000000000027,0.0065956063534348824,0.0211312672183693,0.014535660864934418,0.8290948238217296,0.0004620751333461462,0.011954679918299058,-0.0015455379594674877,0.012990122905468998,0.014535660864936486,0.6147346853943881,-0.010543781227363203,0.003991879637571214,0.014535660864934418,0.18890867245770732,0.0721706722616175,True
6,3.3000000000000025,0.006732029746775836,0.020998745541037957,0.01426671579426212,0.8238952758919169,0.0003983241803035095,0.012034626054834465,-8.322268585710287e-05,0.014183493108406303,0.014266715794263406,0.6754447821984142,-0.011152600295945107,0.0031141154983170124,0.01426671579426212,0.14830007307965518,0.061160083906554585,True
6,3.3500000000000023,0.006868113870816435,0.020866175657231215,0.01399806178641478,0.8186938365592454,0.0003329740011549162,0.012113087808788696,0.0013610663679397613,0.015359128154354959,0.013998061786415198,0.7360777751831215,-0.010903606411554469,0.003094455374860311,0.01399806178641478,0.14830007307965518,0.051431856771352126,True
6,3.4000000000000026,0.0070037269922438635,0.020733646408811687,0.013729919416567824,0.8134939915743646,0.00026612136752090094,0.012190237275937547,0.0027811566709195525,0.01651107608748668,0.013729919416567128,0.7963421272810731,-0.011376750913276881,0.0023531685032909433,0.013729919416567824,0.11349515936043258,0.04290926451744696,True
6,3.450000000000003,0.007138731461236468,0.02060124448458442,0.013462513023347951,0.8082991422117367,0.00019786042302813315,0.01226623217175154,0.004171051016208821,0.017633564039554878,0.013462513023346057,0.8559465450133263,-0.01112437149754681,0.0023381415258011415,0.013462513023347951,0.11349515936043258,0.03550757941842802,True
6,3.5000000000000027,0.00727298360453984,0.02046905429271975,0.013196070688179911,0.8031126002640904,0.0001282836105415745,0.012341217367587141,0.005524869888983128,0.018720940577160235,0.013196070688177106,0.9145972407635232,-0.011465821902042485,0.0017302487861374255,0.013196070688179911,0.08452998176632052,0.029136477809610116,True
6,3.5500000000000025,0.007406333619696162,0.02033715783466278,0.01293082421496662,0.7979375830952008,5.748249138882276e-05,0.012415326076854718,0.006836833433634705,0.019767657648597694,0.012930824214962989,0.9719970612071256,-0.011211724634023793,0.0017190995809428275,0.01293082421496662,0.08452998176632052,0.023702401131195885,True
6,3.6000000000000028,0.00753862547221564,0.02020563458089445,0.01266700910867881,0.7927772087653205,-1.445152544278762e-05,0.012488680743201483,0.008101270422439527,0.020768279531113938,0.012667009108674411,1.0278459430693407,-0.01143123080232612,0.0012357783063526911,0.01266700910867881,0.06116008390655486,0.01911079414957842,True
6,3.650000000000003,0.007669696797966499,0.020074561348916498,0.012404864550949999,0.7876344912438631,-8.742652695254566e-05,0.01256139367757626,0.009312646844333645,0.021717511395278315,0.01240486455094467,1.081842388374304,-0.011177102694462983,0.0012277618564870162,0.012404864550949999,0.06116008390655487,0.015268152041630824,True
6,3.700000000000003,0.00779937881363379,0.019944012183835128,0.012144633370201338,0.7825123357240502,-0.0001613494972717212,0.01263356748420922,0.01046560948748297,0.02261024285767818,0.012144633370195211,1.1336857724146432,-0.011288850475865968,0.0008557828943353714,0.012144633370201338,0.042909264517447206,0.01208382107987251,True
6,3.7500000000000027,0.007927496238772971,0.0198140582419227,0.011886562003149729,0.7774135340544011,-0.00023612576311518035,0.01270529530853825,0.011555041310137936,0.02344160331328083,0.011886562003142894,1.1830793584568633,-0.011036355336882962,0.0008502066662667661,0.011886562003149729,0.042909264517447206,0.009471512750478356,True
6,3.800000000000003,0.008053867233766226,0.01968476767753588,0.011630900443769654,0.7723407603019155,-0.0003116584724429269,0.012776660933654585,0.012576126058421486,0.024207026502183534,0.011630900443762048,1.2297339190753276,-0.011057355647145797,0.0005735447966238581,0.011630900443769654,0.02913647780961029,0.0073505072502319715,True
6,3.850000000000003,0.008178303358890728,0.019556205533768346,0.011377902174877618,0.7672965664617832,-0.00038784809712616035,0.012847738746208624,0.013524419808151208,0.024902321983020264,0.011377902174869056,1.273371868587728,-0.010808103226302799,0.0005697989485748194,0.011377902174877618,0.029136477809610293,0.00564653839601396,True
6,3.900000000000003,0.008300609560732726,0.019428433637211473,0.011127824076478747,0.7622833783282718,-0.000464591952060372,0.012918593587992692,0.014395927058434965,0.0255237511349043,0.011127824076469336,1.3137318021365554,-0.01075653128058925,0.00037129279588949635,0.011127824076478747,0.019110794149578562,0.0042923670530642995,True
6,3.950000000000003,0.00842058419333644,0.019301510497192316,0.010880926303855875,0.7573034915412831,-0.0005417837246169966,0.01298928050560711,0.015187178798255955,0.026068105102101762,0.010880926303845807,1.3505733194245986,-0.010512059109968103,0.0003688671938877721,0.010880926303855875,0.019110794149578562,0.0032280633929832737,True
6,4.0000000000000036,0.008538019082755163,0.01917549120984941,0.010637472127094249,0.7523590678227244,-0.0006193130096486017,0.013059844407731495,0.01589530968042266,0.026532781807506303,0.010637472127083646,1.3836819884894447,-0.010405758922195758,0.00023171320489849022,0.010637472127094249,0.012083821079872608,0.002401028972683088,True
8,0.5,0.0004568802825829499,0.04680607870482357,0.04634919842224062,1.0,0.000600572495997467,0.0016939574917022597,0.0003825291662031688,0.046731727588443336,0.04634919842224017,0.9984115072563733,0.00045511576824742994,0.04680431419048805,0.04634919842224062,0.9999623015987593,0.9985284622186918,True
8,0.55,0.0005825828842396935,0.04673573344734284,0.046153150563103144,0.9984970914157464,0.0006910756101850481,0.001909204268792627,0.0004535163331151129,0.04660666689621783,0.046153150563102714,0.9972383754013312,0.0005808210218079188,0.04673397158491106,0.046153150563103144,0.9999623015987593,0.9978462574183826,True
8,0.6000000000000001,0.0006968952603128298,0.04664442223464255,0.045947526974329723,0.9965462505158682,0.0007782306814663082,0.002116225708401958,0.0005017566671071533,0.04644928364143649,0.045947526974329335,0.9958164645662363,0.0006879939399720633,0.04663552091430179,0.045947526974329723,0.9998091664573314,0.9969510295208277,True
8,0.6500000000000001,0.0008112498455393399,0.04652738160267353,0.04571613175713419,0.9940457070991227,0.0008658006672648582,0.002318421507426489,0.0005329379299219977,0.04624906968705595,0.04571613175713395,0.9940183198359569,0.0008023708604770058,0.046518502617611195,0.04571613175713419,0.9998091664573313,0.9958028782116083,True
8,0.7000000000000002,0.0009256528360289465,0.04638498487973209,0.04545933204370314,0.9910034372298724,0.0009267084574232062,0.0024269659117128984,0.0005456849347952666,0.046005016978498514,0.04545933204370325,0.9918083857908165,0.0008976825088038015,0.046357014552506945,0.04545933204370314,0.9993969960904877,0.99435874898176,True
8,0.7500000000000002,0.001040110098797023,0.046217658105884504,0.04517754800708748,0.9874285431460759,0.0009893730226952138,0.0025466829114048914,0.0005387579052956726,0.045716305912383556,0.045177548007087884,0.989152366994616,0.0010122406702706768,0.04618978867735816,0.04517754800708748,0.9993969960904878,0.9925725740464971,True
8,0.8000000000000003,0.0011546271248333642,0.046025878675007334,0.04487125155017397,0.9833312242468235,0.0010534293914860472,0.002676415592316399,0.000511073629412731,0.045382325179587485,0.044871251550174754,0.986017572853654,0.001086898305445179,0.04595814985561915,0.04487125155017397,0.9985284622186917,0.990395448548004,True
8,0.8500000000000003,0.001269208981573268,0.045810173817759314,0.044540964836186046,0.9787227446814163,0.001118372835100903,0.002814859688604765,0.00046172621675561604,0.0450026910529428,0.044540964836187184,0.982373287470403,0.001201797580032131,0.04574276241621818,0.044540964836186046,0.9985284622186916,0.9877758469797736,True
8,0.9000000000000004,0.0013838602644647147,0.04557111893147758,0.04418725866701287,0.9736153976680231,0.0011841720766578264,0.002961186653346939,0.0003900071269595587,0.04457726579397405,0.04418725866701449,0.9781911622798218,0.0012449152681397804,0.04543217393515265,0.04418725866701287,0.9969510295208275,0.9846598848069902,True
8,0.9500000000000004,0.0014985850472373705,0.0453093357636111,0.04381075071637373,0.9680224666831955,0.0012507775047544435,0.003114635322251738,0.00029542411084061,0.0441061748272165,0.04381075071637589,0.9734456284534438,0.0013604382200632023,0.04517118893643693,0.04381075071637373,0.9969510295208275,0.9809916301750992,True
8,1.0000000000000004,0.0016133868303799676,0.04502549045590379,0.04341210362552382,0.9619581836763377,0.0013183987520598676,0.003272684974226589,0.00017771868251689055,0.0435898223080435,0.04341210362552661,0.9681143251672889,0.0013593867364988382,0.04477149036202266,0.04341210362552382,0.9943587489817598,0.9767134703747672,True
8,1.0500000000000005,0.0017282684872231974,0.044720291457117645,0.04299202296989445,0.9554376844755642,0.001388776306231553,0.0034310943594774604,3.688172161415981e-05,0.04302890469151218,0.04299202296989802,0.9621785388579738,0.0014759900975047369,0.044468013067399184,0.04299202296989445,0.9943587489817599,0.9717665373427244,True
8,1.1000000000000005,0.0018432322068951679,0.0443944873126307,0.042551255105735535,0.9484769615630215,0.0014592513399491987,0.0035941754224930412,-0.00012683320916236085,0.04242442189657762,0.04255125510573998,0.9556236475448028,0.0014168430693160192,0.043968098175051554,0.042551255105735535,0.9903954485480039,0.9660911959010319,True
8,1.1500000000000006,0.001958279433280634,0.04404886433976942,0.04209058490648879,0.941092814408954,0.001529774112173396,0.003761511365627935,-0.00031289925329987256,0.04177768565319436,0.042090584906494234,0.9484395631847304,0.0015352098493273264,0.043625794755816114,0.04209058490648879,0.990395448548004,0.9596275976493304,True
8,1.2000000000000006,0.002073410798954005,0.04368424419821979,0.04161083339926579,0.9333027975641536,0.001600288210859788,0.00393273589865829,-0.000520508778833792,0.04109032462043854,0.04161083339927233,0.9406211638683459,0.0014032894608337343,0.04301412286009952,0.04161083339926579,0.98465988480699,0.9523163024046885,True
8,1.2500000000000007,0.002188626052885889,0.043301481365320506,0.04111285531243462,0.9251251667202385,0.001670730277809546,0.004107521960415225,-0.0007485694395013842,0.040364285872940865,0.04111285531244225,0.9321687064791276,0.0015243763407138955,0.04263723165314851,0.04111285531243462,0.98465988480699,0.9440989678141031,True
8,1.3000000000000007,0.0023039239805318773,0.04290146052645893,0.04059753654592705,0.9165788229561248,0.0017410296923322868,0.004285571511627714,-0.0009957041742511621,0.03960183237168471,0.04059753654593587,0.9230882092524748,0.0013048978490167243,0.041902434394943774,0.04059753654592705,0.976713470374767,0.934919106232788,True
8,1.3500000000000008,0.002419302314701645,0.04248509389117169,0.04006579157647004,0.9076832553971973,0.0018111082125140557,0.004466606368250473,-0.0012602555119043332,0.0388055360645757,0.040065791576480034,0.9133917925185381,0.001429971917174068,0.04149576349364411,0.04006579157647004,0.976713470374767,0.9247229061611623,True
8,1.4000000000000008,0.0025347576353810172,0.042053318445891615,0.0395185608105106,0.8984584825209432,0.0018808795712999633,0.00465035999323248,-0.0015402945075165958,0.037978266303005125,0.03951856081052172,0.9030979648341021,0.0011087798984877467,0.040627340708998344,0.0395185608105106,0.9660911959010317,0.9134601134677677,True
8,1.4500000000000008,0.002650285256430726,0.04160709315457541,0.03895680789814469,0.8889249923490733,0.0019502490245233972,0.004836570147509126,-0.0018336345845686441,0.037123173313588345,0.03895680789815699,0.892231840750596,0.0012394384855246993,0.040196246383669386,0.03895680789814469,0.9660911959010317,0.9010849653080042,True
8,1.5000000000000009,0.002765879096821598,0.04114739611869359,0.038381517021871994,0.8791036817714272,0.0020191128494179847,0.005024972303858491,-0.002137850492044069,0.0362436665298414,0.03838151702188547,0.8808252756819188,0.0008038191034633116,0.039185336125335306,0.038381517021871994,0.9523163024046883,0.8875571671064301,True
8,1.550000000000001,0.002881531533779444,0.040675221708257533,0.03779369017447809,0.8690157952510936,0.002082682914053831,0.00521822681945946,-0.002450302507532136,0.035343387666960664,0.0377936901744928,0.868916902788155,0.0009419865622206369,0.038735676736698726,0.03779369017447809,0.9523163024046883,0.872842900245407,True
8,1.600000000000001,0.0029972332349122582,0.04019157767569571,0.03719434444078345,0.8586828631631086,0.002144892490983448,0.005413590276338741,-0.0027681659268355835,0.03442617851396363,0.037194344440799214,0.8565520565464521,0.0003815294378636466,0.037575873878647095,0.03719434444078345,0.9349191062327877,0.8569158452539087,True
8,1.650000000000001,0.0031129729660746355,0.03969748226447109,0.036584509298396455,0.8481266400207991,0.0022089675633694757,0.005608521123975971,-0.0030884657776715646,0.033496043520741835,0.0365845092984134,0.8437825678108687,0.0005294253399947962,0.03711393463839125,0.036584509298396455,0.9349191062327876,0.839758202394354,True
8,1.700000000000001,0.003228737371392669,0.03919396132434151,0.03596522395294884,0.8373690428440528,0.0022751492106046606,0.005802378179863872,-0.003408116580786262,0.032557107372180635,0.0359652239529669,0.8306664157460644,-0.00016310359436455535,0.03580212035858429,0.03596522395294884,0.9134601134677675,0.8213616886982428,True
8,1.750000000000001,0.003344510721536527,0.03868204544511156,0.03533753472357503,0.8264320899226537,0.002340138796364819,0.0059968976208234475,-0.0037239668574551577,0.031613567866139045,0.0353375347235942,0.8172672231357975,-3.029102118093374e-06,0.03533450562145694,0.03533753472357503,0.9134601134677673,0.8017284878176466,True
8,1.8000000000000012,0.003460274625984597,0.03816276712058981,0.03470249249460521,0.8153378402249486,0.00240375912573353,0.006191703692859518,-0.004032847949535481,0.030669644545090104,0.034702492494625585,0.8036535832995986,-0.0008308550201121187,0.033871637474493094,0.03470249249460521,0.8875571671064298,0.7808721266710639,True
8,1.8500000000000012,0.0035760077046889938,0.03763715795425591,0.034061150249566914,0.8041083336976322,0.0024658204806644267,0.00638639016492885,-0.004331626578975869,0.029729523670612514,0.03406115024958838,0.7898982092841784,-0.0006560209577503098,0.033405129291816604,0.034061150249566914,0.8875571671064298,0.7588182509153599,True
8,1.9000000000000012,0.0036916852142343387,0.03710624591784324,0.0334145607036089,0.7927655326960616,0.002526120820225076,0.00658051960869745,-0.0046172604301241635,0.028797300273507284,0.03341456070363145,0.7760768992171088,-0.001617630618720868,0.031796930084888035,0.0334145607036089,0.8569158452539085,0.7356052699276105,True
8,1.9500000000000013,0.0038072786232906247,0.03657105267365547,0.03276377405036485,0.781331264776228,0.002584446382945928,0.006773624145006594,-0.004886855892618527,0.0278769181577698,0.03276377405038833,0.7622673158066181,-0.0014254595366941583,0.03133831451367069,0.03276377405036485,0.8569158452539085,0.7112848413937184,True
8,2.0000000000000013,0.003922755131922986,0.03603259097094931,0.032109835839026324,0.7698271670691353,0.0026405728377590144,0.006965208007219103,-0.005137726957334797,0.026972108881716063,0.03210983583905086,0.7485475830328684,-0.002514046070954342,0.029595789768071982,0.032109835839026324,0.8213616886982428,0.6859221659341656,True
8,2.0500000000000016,0.004038077129146125,0.03549186212613018,0.031453784996984056,0.7582746324458193,0.0026942671448884174,0.007154752285178731,-0.005367454114881452,0.02608633088212811,0.031453784997009564,0.7349947091934228,-0.0023021291860205635,0.029151655810963493,0.031453784996984056,0.8213616886982428,0.6595960635991971,True
8,2.1000000000000014,0.004153201583043338,0.03494985359581663,0.03079665201277329,0.7466947576664843,0.0027452902838671057,0.0073417221666382815,-0.005573941967359046,0.025222710045440713,0.03079665201279976,0.7216828527275942,-0.003505285508565631,0.02729136650420766,0.03079665201277329,0.7808721266710639,0.6323988066621498,True
8,2.1500000000000012,0.004268079357821027,0.03440753665102647,0.030139457293205444,0.7351082936900806,0.002793400971763361,0.007525576858106149,-0.0057554741312673095,0.024383983161965387,0.030139457293232697,0.708681455730948,-0.0032715709750058275,0.026867886318199617,0.030139457293205444,0.7808721266710639,0.6044356870232332,True
8,2.2000000000000015,0.004382654452408593,0.03386586415982881,0.02948320970742022,0.7235355983012264,0.0028214223960328143,0.00766621535563181,-0.005910763884418604,0.023572445823029534,0.029483209707448138,0.6960532798389601,-0.004571301560797554,0.024911908146622665,0.02948320970742022,0.7356052699276105,0.5758243017542617,True
8,2.2500000000000018,0.004496863155662136,0.0333257684847817,0.028828905329119563,0.7119965911894972,0.002843673338409045,0.007797875492890293,-0.006038998894932163,0.02278990643421593,0.028828905329148093,0.6838523902193884,-0.004314294407326665,0.024514610921792898,0.028828905329119563,0.7356052699276105,0.5466935468580492,True
8,2.3000000000000016,0.004610633113972959,0.032788159500346345,0.028177526386373386,0.7005107115919835,0.0028630443589158622,0.007927420918283438,-0.006139878269496711,0.02203764811690583,0.02817752638640254,0.6721221456993657,-0.0056874010049009285,0.022490125381472457,0.028177526386373386,0.6859221659341657,0.5171823171073291,True
8,2.3500000000000014,0.004723882308170977,0.03225392273423344,0.027530040426062465,0.6890968785836259,0.002879537434815871,0.008054881990938402,-0.006213640076666405,0.021316400349425866,0.02753004042609227,0.6608932663809359,-0.005406359884323836,0.02212368054173863,0.027530040426062465,0.6859221659341657,0.4874379187140625,True
8,2.4000000000000017,0.00483651793814158,0.031723917635308775,0.026887399697167195,0.6777734540714578,0.0028949986905603656,0.008182542221481964,-0.006261077446938587,0.020626322250258896,0.026887399697197483,0.650182064125074,-0.006825232041949594,0.0200621676552176,0.026887399697167195,0.6323988066621499,0.4576142113266041,True
8,2.450000000000002,0.004948435215627937,0.031198975969274696,0.02625054075364676,0.6665582085187475,0.0029109323223875283,0.008312365886841196,-0.006283541335203306,0.019966999418474133,0.02625054075367744,0.6399889354746127,-0.006520345581596351,0.019730195172050408,0.02625054075364676,0.6323988066621499,0.42786950614308805,True
8,2.5000000000000018,0.005059516068379583,0.030679900341868262,0.02562038427348868,0.6554682893935007,0.0029087123087684686,0.00842076069579889,-0.006282928065064926,0.019337456208454597,0.025620384273519523,0.6302972302053128,-0.007954152081242043,0.017666232192246636,0.02562038427348868,0.575824301754262,0.3983642573706868,True
8,2.5500000000000016,0.005169627762238331,0.03016746284779932,0.02499783508556099,0.6445201923033649,0.002896539448615183,0.008518401488925785,-0.006261649871059639,0.01873618521453226,0.024997835085591898,0.621072620825289,-0.0076266768555293026,0.017371158230031686,0.02499783508556099,0.5758243017542621,0.36925859439114944,True
8,2.600000000000002,0.005278621452050835,0.02966240384212134,0.024383782390070503,0.6337297347462798,0.0028819513089474516,0.008614929780551154,-0.0062225868246250995,0.018161195565476212,0.024383782390101312,0.6122631079443019,-0.009042911640028838,0.015340870750041665,0.024383782390070503,0.5171823171073294,0.34070975130234665,True
8,2.650000000000002,0.005386330677576368,0.02916543082921521,0.02377910015163884,0.6231120323738973,0.002865172570728063,0.008710606182109688,-0.006169018779512252,0.017610081372157207,0.02377910015166946,0.6037998024194132,-0.008695255055951779,0.015083845095687063,0.02377910015163884,0.5171823171073294,0.31286945845627007,True
8,2.700000000000002,0.005492569826933098,0.028677217463116984,0.023184647636183886,0.6126814776338372,0.0028468188475959267,0.008805561754957841,-0.006104536303528245,0.017080111332685922,0.023184647636214167,0.5955986264934314,-0.010061545383758077,0.013123102252425809,0.023184647636183886,0.4576142113266045,0.2858813666720596,True
8,2.7500000000000018,0.005597132597686499,0.028198402651573765,0.022601270053887266,0.6024517206280687,0.002827470454771831,0.008899914365346753,-0.006032929972863466,0.016568340081053828,0.022601270053917294,0.5875630717731148,-0.009697280263817304,0.012903989790069962,0.022601270053887266,0.4576142113266045,0.2598785784716662,True
8,2.800000000000002,0.005699790494476803,0.02772958975502291,0.022029799260546108,0.5924356519993045,0.002806445692370088,0.00899399223947677,-0.0059580578890158775,0.016071741371559856,0.022029799260575734,0.5795881408107971,-0.010983321830592589,0.01104647742995352,0.022029799260546108,0.39836425737068726,0.23498136154363355,True
8,2.8500000000000023,0.0058002914121046065,0.02727134587071097,0.021471054458606365,0.5826453876363828,0.0027839311427607723,0.009087880822181416,-0.005883691840370346,0.015587362618265092,0.02147105445863544,0.5715655799373545,-0.01060712501332143,0.010863929445284935,0.021471054458606365,0.3983642573706873,0.2112951173769141,True
8,2.900000000000002,0.00589835836413179,0.026824201191452644,0.020925842827320854,0.5730922549743158,0.0027601058203625844,0.009181627785663093,-0.005813343195858658,0.015112499631490618,0.020925842827349276,0.5633904817380402,-0.011786575910496899,0.009139266916823955,0.020925842827320854,0.34070975130234715,0.1889086724577068,True
8,2.950000000000002,0.005993688429086225,0.026388648428142883,0.020394959999056658,0.5637867806564069,0.002735141791896288,0.009275246153861121,-0.00575007045262165,0.014644889546462666,0.020394959999084316,0.554969292434251,-0.011404090155899022,0.008990869843157636,0.020394959999056658,0.34070975130234715,0.16789295059896983,True
8,3.000000000000002,0.006085951998866395,0.02596514228511401,0.019879190286247614,0.5547386793253883,0.002709204862563711,0.009368717469982787,-0.005696271496702841,0.014182918789571834,0.019879190286274676,0.5462291958131498,-0.012456239923944724,0.00742295036230289,0.019879190286247614,0.2858813666720601,0.1483000730796547,True
8,3.0500000000000025,0.006174792426305659,0.025554098977838863,0.019379306551533203,0.5459568433192717,0.0026824552230349705,0.009461994884584947,-0.005653465311239931,0.013725841240319525,0.019379306551559457,0.537128749959954,-0.012073865811675535,0.007305440739857668,0.019379306551533203,0.2858813666720601,0.13016291871503904,True
8,3.1000000000000023,0.006259826180179073,0.025155895783343395,0.018896069603164322,0.5374493330660269,0.002655047972972753,0.009555006094533264,-0.005622070456682072,0.013273999146507667,0.01889606960318974,0.5276695078096503,-0.01298490296114453,0.005911166642019792,0.018896069603164322,0.234981361543634,0.11349515936043218,True
8,3.150000000000002,0.006340643625016584,0.02477087061503718,0.018430226990020598,0.529223367999944,0.0026271334582546133,0.00964765609843904,-0.005601191695666667,0.012829035294378488,0.018430226990045154,0.5179081306327041,-0.012609534086277966,0.005820692903742632,0.018430226990020598,0.234981361543634,0.09829176843756414,True
8,3.2000000000000024,0.0064168105484051115,0.02439932161550209,0.017982511067096977,0.5212853178616655,0.00259885738209687,0.00973982975183135,-0.005588432322925762,0.012394078744194745,0.017982511067120507,0.5079681697510876,-0.013373267611843835,0.0046092434552531415,0.017982511067096977,0.1889086724577073,0.08452998176632015,True
8,3.2500000000000027,0.006487870558186282,0.024041506763077553,0.01755363620489127,0.5136406942929823,0.0025703606759519553,0.009831394107322462,-0.0055797587265198866,0.011973877478393916,0.017553636204913802,0.4980502094312636,-0.0130119870783953,0.004541649126495972,0.01755363620489127,0.18890867245770726,0.0721706722616175,True
8,3.3000000000000025,0.006553348464028923,0.023697643490806854,0.01714429502677793,0.5062941426957159,0.0025417791445183145,0.009922200515061,-0.0055694555414121,0.011574839485387352,0.017144295026799452,0.4884384175109073,-0.01362993276527566,0.0035143622615022713,0.01714429502677793,0.14830007307965518,0.061160083906554585,True
8,3.3500000000000023,0.006612754740123843,0.02336790831938651,0.016755153579262667,0.4992494343897761,0.0025191526334301835,0.010008787136891946,-0.005550222956748152,0.01120493062253502,0.016755153579283172,0.4795007952525718,-0.013289691067778966,0.0034654625114837016,0.016755153579262667,0.14830007307965518,0.051431856771352126,True
8,3.4000000000000026,0.0066655911362319305,0.023052436509099942,0.01638684537286801,0.49250945917681177,0.002501458091071698,0.010091864665208441,-0.0049414095679786475,0.01144543580490897,0.016386845372887617,0.49649570883281197,-0.013770505417621459,0.002616339955246552,0.01638684537286801,0.11349515936043258,0.04290926451744696,True
8,3.450000000000003,0.006711357461523543,0.02275132173918223,0.016039964277658688,0.4860762184899204,0.0024835870548299208,0.010174251029308839,-0.004353247366446251,0.01168671691123121,0.01603996427767746,0.5136719987175249,-0.013457799391209727,0.0025821648864489616,0.016039964277658688,0.11349515936043258,0.03550757941842802,True
8,3.5000000000000027,0.006749559509026285,0.022464615826516265,0.01571505631748998,0.47995081938366246,0.0024549964489112256,0.010253845293792226,-0.0038170879474757613,0.011897968370032257,0.015715056317508018,0.5296315085873139,-0.013816122751287165,0.0018989335662028153,0.01571505631748998,0.08452998176632052,0.029136477809610116,True
8,3.5500000000000025,0.006779718018906084,0.022192328498822415,0.01541261047991633,0.4741334696883163,0.0024263671029324213,0.01033260632620953,-0.0033438506625491724,0.012068759817384422,0.015412610479933595,0.5438257557346821,-0.013536693356558677,0.0018759171233576541,0.01541261047991633,0.08452998176632052,0.023702401131195885,True
8,3.6000000000000028,0.006801378498982311,0.021934427240411204,0.015133048741428894,0.4686234747144235,0.0024003340956296705,0.010410871324111894,-0.002941827707815722,0.012191221033629997,0.015133048741445719,0.5558030259923691,-0.013791537330963121,0.0013415114104657721,0.015133048741428894,0.06116008390655488,0.01911079414957842,True
8,3.650000000000003,0.006814121635723749,0.021690837230928104,0.014876715595204355,0.46341923594408624,0.0023790536170568166,0.010489070620963466,-0.0026164027920575293,0.012260312803163368,0.014876715595220897,0.5652300403454171,-0.013550102170157369,0.0013266134250469871,0.014876715595204355,0.06116008390655487,0.015268152041630824,True
8,3.700000000000003,0.006817573945628491,0.02146144139918081,0.01464386745355232,0.45851825218097403,0.002358428712309049,0.01056538558665038,-0.002368130564337113,0.012275736889231769,0.014643867453568882,0.5719903272526857,-0.013722972787629179,0.0009208946659231417,0.01464386745355232,0.042909264517447206,0.01208382107987251,True
8,3.7500000000000027,0.006811418244323226,0.021246080614945307,0.01443466237062208,0.45391712364821124,0.0023385240501457194,0.010639543453604065,-0.0021589254814071146,0.012275736889231769,0.014434662370638883,0.5777883041918115,-0.013523008677556386,0.0009116536930656956,0.01443466237062208,0.042909264517447206,0.009471512750478356,True
8,3.800000000000003,0.0067954034588786905,0.0210445540415019,0.014249150582623209,0.4496115595202203,0.0023194049561476456,0.010711247152704493,-0.0019734136934087022,0.012275736889231769,0.014249150582640471,0.5833213127264577,-0.013635986400779844,0.0006131641818433647,0.014249150582623209,0.029136477809610293,0.0073505072502319715,True
8,3.850000000000003,0.006769353287296031,0.02085661967048695,0.01408726638319092,0.4455963893496933,0.0023011372934284946,0.010780176290925574,-0.0018115294939771692,0.012275736889231769,0.014087266383208938,0.5885774916154072,-0.013479577946978294,0.0006076884362126246,0.01408726638319092,0.029136477809610296,0.00564653839601396,True
8,3.900000000000003,0.006733173225407535,0.02068199505845357,0.013948821833046035,0.44186557880402405,0.0022837872178592994,0.010845988448885048,-0.0016730849438332512,0.012275736889231769,0.01394882183306502,0.5935470371468916,-0.013553572482881329,0.0003952493501647072,0.013948821833046035,0.019110794149578562,0.0042923670530642995,True
8,3.950000000000003,0.006548941800137887,0.02052035828136864,0.013971416481230752,0.4384122500578953,0.0022674208138084625,0.010908320832401142,-0.0016956795920533337,0.012275736889231769,0.013971416481285102,0.5982223468474946,-0.013579256138239916,0.0003921603429908358,0.013971416481230752,0.019110794149578562,0.0032280633929832737,True
8,4.0000000000000036,0.006293209528665383,0.020371349119232433,0.01407813959056705,0.4352287071023764,0.002252103613144131,0.010966792327628053,-0.0018024027013944458,0.012275736889231769,0.014078139590626215,0.6025981302162428,-0.013831975852654626,0.00024616373791242516,0.01407813959056705,0.012083821079872608,0.002401028972683088,True
10,0.5,2.3098653461374463e-05,0.0448982270788164,0.04487512842535502,1.0,-0.00014181345369700303,0.0005605065660206756,-4.6630140927657326e-05,0.04482849828443256,0.04487512842536022,0.9984469588462496,2.140606208195922e-05,0.04489653448743698,0.04487512842535502,0.9999623015987592,0.9985284622186918,True
10,0.55,3.1195885754210784e-05,0.04460978505202634,0.04457858916627213,0.9935756477358513,-0.0001797302908849023,0.0007101907286356443,-9.356755839005915e-05,0.04448502160788898,0.04457858916627904,0.9972032269603663,2.9514168178056133e-05,0.044608103334450186,0.04457858916627213,0.9999623015987592,0.9978462574183826,True
10,0.6000000000000001,3.96349517525485e-05,0.044288850095733405,0.044249215143980856,0.9864275936327449,-0.00021353342404346223,0.0008435730871659895,-0.00015326922345335753,0.04409594592053608,0.04424921514398944,0.9956444076831901,3.1183153588063006e-05,0.04428039829756892,0.044249215143980856,0.9998091664573314,0.9969510295208277,True
10,0.6500000000000001,4.929718243239234e-05,0.04391330392003192,0.04386400673759953,0.9780632059912856,-0.00024658156018531903,0.0009739543954710582,-0.00023092285152558067,0.043633083886084105,0.043864006737609686,0.9936187895481946,4.0917051075048394e-05,0.043904923788674576,0.04386400673759953,0.9998091664573314,0.9958028782116083,True
10,0.7000000000000002,6.03658623242187e-05,0.04348460867508929,0.04342424281276507,0.9685150506890712,-0.0002787636856155633,0.0011009600147368712,-0.000327957569652218,0.04309628524312465,0.04342424281277687,0.9910698648603202,3.4144473289532407e-05,0.043458387286054605,0.04342424281276507,0.9993969960904878,0.99435874898176,True
10,0.7500000000000002,7.301632211795944e-05,0.04300441045702842,0.04293139413491046,0.9578197905573536,-0.00030997471396098194,0.0012242677769733594,-0.00044552583964454356,0.04248586829527944,0.042931394134923986,0.9879421167215598,4.708449448610763e-05,0.04297847862939657,0.04293139413491046,0.9993969960904879,0.9925725740464971,True
10,0.8000000000000003,8.74147369790898e-05,0.042474530678211796,0.042387115941232706,0.9460179931748768,-0.00034011641108287386,0.0013436145752087384,-0.00058447053077295,0.041802645410475014,0.042387115941247965,0.9841814551683454,2.491186034275783e-05,0.042412027801575464,0.042387115941232706,0.9985284622186916,0.990395448548004,True
10,0.8500000000000003,0.00010371689552730878,0.041896956565381324,0.041793239669854015,0.9331539192367996,-0.00036909835435817735,0.0014588024451563026,-0.000745295031262326,0.041047944638608815,0.04179323966987114,0.9797357136085146,4.206394101951422e-05,0.04183530361087353,0.041793239669854015,0.9985284622186916,0.9877758469797736,True
10,0.9000000000000004,0.00012206693747996572,0.041273830855377745,0.04115176391789778,0.9192752930516338,-0.0003968389292600372,0.0015697039400047936,-0.0009281371192257706,0.040223626798690904,0.041151763917916674,0.9745552076237671,-3.775754360439698e-06,0.04114798816353734,0.04115176391789778,0.9969510295208275,0.9846598848069902,True
10,0.9500000000000004,0.00014259605844824802,0.04060744076493985,0.0404648447064916,0.9044330568700563,-0.0004232663651716192,0.0016762665416385665,-0.0011327472977034903,0.03933209740880889,0.04046484470651238,0.9685933579633003,1.8785170321201916e-05,0.0404836298768128,0.0404648447064916,0.9969510295208275,0.9809916301750992,True
10,1.0000000000000004,0.0001654211808518949,0.03990020631732209,0.0397347851364702,0.8886811108883976,-0.00044831981091394925,0.0017785157840074267,-0.0013584722650229752,0.038376312871469774,0.03973478513649275,0.961807379296915,-5.9665898663692485e-05,0.039675119237806505,0.0397347851364702,0.9943587489817598,0.9767134703747672,True
10,1.0500000000000005,0.00019064359038874212,0.03915466811411653,0.03896402452372779,0.872076040895393,-0.00047195044841384317,0.0018765566900064133,-0.0016042441397482593,0.03735978038400398,0.038964024523752236,0.9541590360341877,-3.0237720978876226e-05,0.038933786802748914,0.03896402452372779,0.9943587489817598,0.9717665373427244,True
10,1.1000000000000005,0.00021834753792015354,0.03837347464566885,0.038155127107748696,0.8546768356422249,-0.0004941226401234838,0.0019705730470906406,-0.0018685759885661637,0.03628655111920895,0.03815512710777511,0.9456154662633489,-0.00015021247370603646,0.03800491463404266,0.038155127107748696,0.990395448548004,0.9660911959010319,True
10,1.1500000000000006,0.0002485988070083517,0.037559369237776814,0.03731077043076846,0.8365445961116322,-0.0005148151020069356,0.002060823977428555,-0.0021495641158184725,0.03516120631497821,0.03731077043079668,0.9361500746294068,-0.00011214208734039444,0.03719862834342807,0.03731077043076846,0.9903954485480039,0.9596275976493304,True
10,1.2000000000000006,0.00028144324763002687,0.03671517673589847,0.03643373348826844,0.8177422389406819,-0.0005340220888907337,0.002147637208357293,-0.0024448974661911912,0.0339888360221073,0.03643373348829849,0.9257434947568841,-0.00028177179283037784,0.036151961695438065,0.03643373348826844,0.98465988480699,0.9523163024046885,True
10,1.2500000000000007,0.0003169052767687877,0.035843790030804484,0.0355268847540357,0.7983341963120874,-0.0005517545723614474,0.0022313984354065935,-0.0027518743696454823,0.032775010384422175,0.03552688475406766,0.9143846216110246,-0.00023294259125782035,0.035293942162777876,0.0355268847540357,0.9846598848069898,0.9440989678141031,True
10,1.3000000000000007,0.0003549863466467684,0.03494815653142142,0.03459317018477465,0.778386114669335,-0.0005680413826165016,0.0023125362143385023,-0.003067426723746859,0.0315257434610616,0.03459317018480846,0.9020717139319558,-0.00045883493576946016,0.03413433524900519,0.03459317018477465,0.9767134703747669,0.934919106232788,True
10,1.3500000000000008,0.00039566338125752304,0.03403126469144067,0.033635601310183144,0.7579645546293093,-0.0005829302738141412,0.002391501943857165,-0.0033881515685825585,0.030247449741636307,0.033635601310218866,0.8888135664627227,-0.00039680667216385884,0.033238794638019285,0.033635601310183144,0.9767134703747669,0.9247229061611623,True
10,1.4000000000000008,0.0004388871816152079,0.03309613069602091,0.0326572435144057,0.7371366944606176,-0.0005964888559556663,0.0024687447293592173,-0.0037103498709617835,0.028946893643481436,0.03265724351444322,0.8746307509282851,-0.000683363030590016,0.031973880483815685,0.0326572435144057,0.9660911959010318,0.9134601134677677,True
10,1.4500000000000008,0.0004845807997432769,0.03214578541347237,0.031661204613729094,0.7159700394637453,-0.0006088053125707001,0.0025446812677403408,-0.004030072207487984,0.027631132406280273,0.03166120461376826,0.8595569232755471,-0.0006054443404496304,0.031055760273279463,0.031661204613729094,0.9660911959010317,0.9010849653080042,True
10,1.5000000000000009,0.0005326378809225873,0.03118326171402992,0.03065062383310733,0.6945321395272334,-0.0006199887884693339,0.0026196613717661727,-0.004343170932994918,0.026307452900153228,0.030650623833148146,0.843640192017406,-0.0009542953406846758,0.029696328492422656,0.03065062383310733,0.9523163024046883,0.8875571671064301,True
10,1.550000000000001,0.0005829209732053364,0.030211582253537664,0.029628661280332327,0.672890317038641,-0.0006301692799041287,0.0026939303548798644,-0.004645358357238966,0.02498330292313562,0.029628661280374585,0.8269445378091764,-0.0008576789788482392,0.028770982301484088,0.029628661280332327,0.9523163024046883,0.872842900245407,True
10,1.600000000000001,0.0006352598028154591,0.029233747813838033,0.028598488011022574,0.6511114071947602,-0.0006394967840088545,0.0027675902040149073,-0.004932270446791405,0.02366621756427487,0.028598488011066275,0.8095512663987706,-0.001267298633074409,0.027331189377948165,0.028598488011022574,0.9349191062327877,0.8569158452539087,True
10,1.650000000000001,0.0006894495140725293,0.028252726283623047,0.027563276769550518,0.6292615125765862,-0.0006481393604206052,0.0028405622439316193,-0.005199535640614719,0.022363741128980773,0.027563276769595493,0.7915604640938358,-0.0011492631638260684,0.02641401360572445,0.027563276769550518,0.9349191062327877,0.839758202394354,True
10,1.700000000000001,0.0007452488733106499,0.027271442353105572,0.026526193479794923,0.6074057736229103,-0.0006562796291677206,0.0029125547862238494,-0.005442848536024496,0.021083344943816622,0.026526193479841118,0.7730924045319417,-0.0016148186534974268,0.024911374826297496,0.026526193479794923,0.9134601134677675,0.8213616886982428,True
10,1.750000000000001,0.0008023784385491374,0.026292767982673614,0.025490389544124477,0.5856081563425231,-0.0006641091005905883,0.002983039967028039,-0.005658048480238775,0.019832341063933046,0.02549038954417182,0.7542888248586891,-0.0014729947192897545,0.024017394824834722,0.025490389544124477,0.9134601134677675,0.8017284878176466,True
10,1.8000000000000012,0.0008605187013704801,0.025319513689172072,0.024458994987801592,0.5639312582371023,-0.000671819671982452,0.0030512444473742915,-0.005841203490721314,0.018617791497128684,0.024458994987849998,0.7353139450340473,-0.0019864791453275583,0.022472515842474033,0.024458994987801592,0.8875571671064298,0.7808721266710639,True
10,1.8500000000000012,0.0009193082159456023,0.024354420672963353,0.02343511245701775,0.5424361329504279,-0.0006978907338928256,0.003097378348539065,-0.005988700395071073,0.017446412061996083,0.023435112457067156,0.7163550427362011,-0.0018191718380041258,0.021615940619013625,0.02343511245701775,0.8875571671064298,0.7588182509153599,True
10,1.9000000000000012,0.0009783417443845373,0.023400153783703543,0.022421812039319006,0.521182133597967,-0.0007327399772305838,0.0031310998867998202,-0.006097342547124615,0.016324469492244607,0.022421812039369222,0.6976223166367983,-0.0023698494806852384,0.020051962558633767,0.022421812039319006,0.8569158452539085,0.7356052699276105,True
10,1.9500000000000013,0.0010371684702684646,0.02245929529195508,0.021422126821686614,0.5002267740445298,-0.0007654601000430714,0.00316254858832973,-0.006164456779049855,0.015257670042687556,0.02142212682173741,0.6793476751762935,-0.0021764008127738016,0.019245726008912813,0.021422126821686614,0.8569158452539084,0.7112848413937184,True
10,2.0000000000000013,0.0010952903669615502,0.02153433939642276,0.02043904902946121,0.47962560656616565,-0.0007946690536566299,0.0031914772969175993,-0.006188011119382008,0.014251037910130552,0.02043904902951256,0.6617819867972317,-0.0027515676578143133,0.017687481371646895,0.02043904902946121,0.8213616886982428,0.6859221659341656,True
10,2.0500000000000016,0.00115216085874165,0.02062768735181481,0.01947552649307316,0.4594321133349881,-0.0008215127368061513,0.0032153828755335273,-0.006166743853748829,0.013308782639375944,0.019475526493124774,0.645190244179508,-0.002532734375847164,0.016942792117225994,0.01947552649307316,0.8213616886982428,0.6595960635991971,True
10,2.1000000000000014,0.0012071839866001632,0.019741643049341215,0.01853445906274105,0.4396976079854074,-0.0008455415911689093,0.0032331630373076134,-0.006100302258527573,0.012434156804265212,0.018534459062792785,0.6298440698774636,-0.0031187602708209507,0.015415698791920101,0.01853445906274105,0.7808721266710639,0.6323988066621498,True
10,2.1500000000000012,0.0012597143930896948,0.018878408820324676,0.01761869442723498,0.4204711421496589,-0.0008663718012046807,0.00324369657019493,-0.005989385390873412,0.011629309036413371,0.017618694427286783,0.6160110816062605,-0.0028770711835422805,0.0147416232436927,0.01761869442723498,0.7808721266710639,0.6044356870232332,True
10,2.2000000000000015,0.0013090585779765088,0.01804008116378362,0.016731022585807113,0.40179941029999333,-0.0008837012057543171,0.003245952299075153,-0.00583587961141906,0.010895142974439706,0.016731022585858766,0.603940906669104,-0.0034606438118060592,0.013270378774001054,0.016731022585807113,0.7356052699276105,0.5758243017542617,True
10,2.2500000000000018,0.0013544780526361239,0.01722864602303146,0.015874167970395335,0.383726644546287,-0.0008973228940793208,0.003239093723938339,-0.005642968733271952,0.010231199237174714,0.015874167970446666,0.5938481308106003,-0.003200685162136025,0.01267348280825931,0.015874167970395335,0.7356052699276105,0.5466935468580492,True
10,2.3000000000000016,0.0013951952343927675,0.016445973158410006,0.015050777924017239,0.36629448930221664,-0.000900912547996857,0.003203380187632582,-0.0054151945967207335,0.009635583327347364,0.015050777924068098,0.585893168773658,-0.0037701203943054963,0.011280657529711743,0.015050777924017239,0.6859221659341657,0.5171823171073291,True
10,2.3500000000000014,0.0014304031592437746,0.015693809090576796,0.014263405931333021,0.3495418441139595,-0.0008767363570223782,0.003084644414208918,-0.00515844122490444,0.009104964706478797,0.014263405931383238,0.580162830701553,-0.0034986744081672867,0.010764731523165734,0.014263405931333021,0.6859221659341657,0.4874379187140625,True
10,2.4000000000000017,0.0014592803199517286,0.014973768033068767,0.013514487713117038,0.33350466170486265,-0.000856947399405499,0.002982101148911469,-0.0048798194217913645,0.00863466829137506,0.013514487713166424,0.5766530022574048,-0.004045094677768504,0.009469393035348534,0.013514487713117038,0.6323988066621499,0.4576142113266041,True
10,2.450000000000002,0.001481012093986012,0.014287320211420523,0.01280630811743451,0.318215687811902,-0.0008414873428282704,0.0028950167937939726,-0.004587440167033451,0.008218867950449429,0.01280630811748288,0.5752560892335642,-0.0037710238653321567,0.009035284252102354,0.01280630811743451,0.6323988066621499,0.42786950614308805,True
10,2.5000000000000018,0.0014948202110811014,0.013635777002222509,0.012140956791141407,0.3037041301939527,-0.0008301773103127873,0.002822418154992102,-0.004290082865218732,0.007850873925969837,0.01214095679118857,0.5757555234799026,-0.0042891450199598075,0.0078518117711816,0.012140956791141407,0.575824301754262,0.3983642573706868,True
10,2.5500000000000016,0.0015000013812324717,0.013020272447671368,0.011520271066438896,0.2899952469128678,-0.0008224854253968617,0.0027625082670835314,-0.003996783627425051,0.007523487439059643,0.011520271066484695,0.5778287258808623,-0.0040228817756082745,0.007497389290830622,0.011520271066438896,0.575824301754262,0.36925859439114944,True
10,2.600000000000002,0.0014959753940794636,0.01244174094000523,0.010945765545925766,0.2771098493079566,-0.0008163099718532151,0.0027085962000919115,-0.0037163831696298668,0.007229382376340117,0.010945765545969984,0.5810587450100917,-0.004511117137724738,0.006434648408201028,0.010945765545925766,0.5171823171073294,0.34070975130234665,True
10,2.650000000000002,0.0014823415664182212,0.0119008912518355,0.01041854968541728,0.2650637235840991,-0.0008109028974852142,0.0026585760200141403,-0.003457079216228077,0.006961470469231644,0.010418549685459721,0.5849537082492003,-0.0042636191721506485,0.006154930513266631,0.01041854968541728,0.5171823171073294,0.31286945845627007,True
10,2.700000000000002,0.001458940324811201,0.011398177623693481,0.00993923729888228,0.2538669868563986,-0.0008061522478791769,0.002611604232002232,-0.0032260240369409703,0.006713213261981835,0.009939237298922805,0.5889725080285664,-0.004723269235055236,0.005215968063827044,0.00993923729888228,0.45761421132660457,0.2858813666720596,True
10,2.7500000000000018,0.0014259141648641106,0.010933769290713016,0.009507855125848905,0.24352340843034576,-0.0008024347639956376,0.0025668859977337273,-0.0030289971286511187,0.0064788579972362694,0.009507855125887388,0.59255484773575,-0.0045044069150522205,0.0050034482107966845,0.009507855125848905,0.4576142113266045,0.2598785784716662,True
10,2.800000000000002,0.0013837597592182282,0.010507520574221746,0.009123760815003518,0.2340297436639617,-0.0007993156096394488,0.0025241895183660272,-0.0028701706237984435,0.006253590191241524,0.009123760815039968,0.5951537422237886,-0.004937940184646454,0.004185820630357063,0.009123760815003518,0.39836425737068726,0.23498136154363355,True
10,2.8500000000000023,0.0013333614472325218,0.01011894436699625,0.008785582919763729,0.22537514341564074,-0.0007963563486446239,0.00248342110641015,-0.002751974078196138,0.006033608841601878,0.008785582919798016,0.5962686049822526,-0.0047545571616299685,0.00403102575813376,0.008785582919763729,0.39836425737068726,0.2112951173769141,True
10,2.900000000000002,0.0012759966972034926,0.009767192342814071,0.008491195645610579,0.2175407132595302,-0.0007931666930785808,0.0024445211140255354,-0.0026750567779790678,0.005816138867663515,0.008491195645642583,0.5954770484214504,-0.005163417971568207,0.003327777674042372,0.008491195645610579,0.34070975130234715,0.1889086724577068,True
10,2.950000000000002,0.0012133070404947988,0.00945104534294673,0.008237738302451931,0.21049929936778872,-0.0007894130166975424,0.0024073856702273378,-0.002638338676589011,0.005599399625892709,0.00823773830248172,0.5924635236324958,-0.005017674994109345,0.0032200633083425867,0.008237738302451931,0.34070975130234715,0.16789295059896983,True
10,3.000000000000002,0.001147233297307506,0.00916891698685227,0.008021683689544763,0.20421556893007678,-0.0007848238004494385,0.00237181077370653,-0.0026391342307751425,0.005382549458797206,0.008021683689572349,0.5870431007844755,-0.00540046117044077,0.002621222519103994,0.008021683689544763,0.2858813666720601,0.1483000730796547,True
10,3.0500000000000025,0.0010799204867033944,0.00891887256574171,0.007838952079038316,0.19864643096229867,-0.0007791921951865089,0.0023374678937053677,-0.0026733263961007748,0.0051656256829630395,0.007838952079063814,0.5791792230337195,-0.005289212600770132,0.0025497394782681834,0.007838952079038316,0.2858813666720601,0.13016291871503904,True
10,3.1000000000000023,0.0010136037456183198,0.008698663789615368,0.007685060043997049,0.1937418102132482,-0.0007723761702326653,0.0023039131415245697,-0.002735561909857214,0.00494949813416331,0.007685060044020524,0.568995222010088,-0.005641036183102922,0.0020440238608941262,0.007685060043997049,0.234981361543634,0.11349515936043218,True
10,3.150000000000002,0.0009504900096626162,0.008505778201836163,0.0075552881921735465,0.1894457477553564,-0.0007646804069628282,0.0022716931524624827,-0.0028194357648855415,0.004735852427309648,0.00755528819219519,0.5567806160625384,-0.005556588849317922,0.0019986993428556246,0.0075552881921735465,0.23498136154363403,0.09829176843756414,True
10,3.2000000000000024,0.0008926501394148833,0.00833750038164086,0.007444850242225977,0.18569776412339917,-0.0007580225396068203,0.002245577476823105,-0.002917634779487239,0.0045272154627587395,0.007444850242245979,0.5429943334968413,-0.0058698241135145745,0.0015750261287114029,0.007444850242225977,0.1889086724577073,0.08452998176632015,True
10,3.2500000000000027,0.0008419328972256402,0.00819098076340366,0.00734904786617802,0.18243439209804072,-0.0007527592389719107,0.002225756959676138,-0.0027355563902766123,0.004613491475919915,0.007349047866196528,0.5632404237270894,-0.005801700564036817,0.0015473473021412032,0.00734904786617802,0.1889086724577073,0.0721706722616175,True
10,3.3000000000000025,0.0007999070159148492,0.00806330725655654,0.007263400240641691,0.17959077186726868,-0.0007485716826690431,0.0022117885605080646,-0.0023455318366584297,0.004917868404000438,0.0072634002406588676,0.6099071072854823,-0.006067611185230642,0.0011957890554110488,0.007263400240641691,0.14830007307965518,0.061160083906554585,True
10,3.3500000000000023,0.0007678322270292942,0.007951574931840913,0.007183742704811619,0.17710220312001085,-0.0007322977532673317,0.0022063532088813518,-0.0019491416300893008,0.005234601074738395,0.007183742704827696,0.6583099725033346,-0.006004523561321257,0.0011792191434903615,0.007183742704811619,0.14830007307965518,0.051431856771352126,True
10,3.4000000000000026,0.0007466558678778995,0.007852949753996419,0.007106293886118519,0.17490556453846146,-0.0007113113640405504,0.002208258923817978,-0.001554614960295327,0.005551678925838401,0.007106293886133728,0.7069545966486178,-0.006215022102339226,0.0008912717837792934,0.007106293886118519,0.11349515936043258,0.04290926451744696,True
10,3.450000000000003,0.0007370291999039885,0.007764723468908306,0.007027694269004317,0.17294053627725112,-0.0006892767380351429,0.0022173608786615084,-0.0011702836115175747,0.005857410657501226,0.0070276942690188,0.7543617851885662,-0.006146435741510878,0.000881258527493439,0.007027694269004317,0.11349515936043258,0.03550757941842802,True
10,3.5000000000000027,0.0007393368105562013,0.007684358030217445,0.006945021219661244,0.17115058945931144,-0.0006666665330125835,0.0022345135745554102,-0.0008043146825972456,0.006140706537077947,0.006945021219675193,0.7991177028621846,-0.006295462575481085,0.0006495586441801594,0.006945021219661244,0.08452998176632052,0.029136477809610116,True
10,3.5500000000000025,0.0007537329869331038,0.007609519142480274,0.00685578615554717,0.16948373326907043,-0.0006441430845997355,0.0022606505816141625,-0.00046445802225711375,0.006391328133303654,0.006855786155560767,0.8399122222617134,-0.0062125536411828455,0.0006432325143643246,0.00685578615554717,0.08452998176632052,0.023702401131195885,True
10,3.6000000000000028,0.0007801801698670251,0.007538099448520352,0.006757919278653327,0.16789303139492856,-0.0006650733832182422,0.00235398892256584,-0.0001577813789259922,0.006600137899740738,0.006757919278666731,0.8755705526061047,-0.006296888483885868,0.0004610307947674597,0.006757919278653327,0.06116008390655486,0.01911079414957842,True
10,3.650000000000003,0.0008184860296731634,0.0074682325300071545,0.006649746500333991,0.16633691385847102,-0.0006989091465140519,0.002481518080144068,0.00010961660245130227,0.006759363102798614,0.006649746500347312,0.905082035895331,-0.0061929887721650905,0.00045675772816890014,0.006649746500333991,0.06116008390655487,0.015268152041630824,True
10,3.700000000000003,0.0008683370231137464,0.007398299228798431,0.006529962205684685,0.1647793178071624,-0.000738626448102179,0.0026237089002685457,0.0003329172762261707,0.006862879481924317,0.006529962205698146,0.9276293469193632,-0.006212506627096947,0.0003174555785877376,0.006529962205684685,0.04290926451744721,0.01208382107987251,True
10,3.7500000000000027,0.0009293273331747575,0.007326927884861292,0.006397600551686535,0.16318969281346607,-0.0007838969552169867,0.002779188850624199,0.0005089176024024259,0.006906518154102676,0.00639760055170025,0.9426212817479402,-0.006083207464974762,0.0003143930867117732,0.006397600551686535,0.042909264517447206,0.009471512750478356,True
10,3.800000000000003,0.0010009828179838856,0.007252989996319795,0.00625200717833591,0.16154290421284487,-0.0008342705929405133,0.002946006911346653,0.0006558438068535385,0.006907850985203575,0.0062520071783500365,0.9524142441542942,-0.0060406805962548125,0.00021132658208109715,0.00625200717833591,0.029136477809610293,0.0073505072502319715,True
10,3.850000000000003,0.0010827800314690472,0.007175592608766579,0.006092812577297532,0.15981906359398595,-0.0008891899820820948,0.0031216947459469886,0.0008150384078913827,0.006907850985203575,0.006092812577312192,0.9626871760757574,-0.0058837410824814015,0.00020907149481613107,0.006092812577297532,0.029136477809610293,0.00564653839601396,True
10,3.900000000000003,0.0011741605838291721,0.007094068492198189,0.005919907908369017,0.15800331001366574,-0.0009024100039952788,0.0031594749172613743,0.0009879430768191342,0.006907850985203575,0.005919907908384441,0.9737502524539466,-0.005784334625731606,0.00013557328263741076,0.005919907908369017,0.019110794149578562,0.0042923670530642995,True
10,3.950000000000003,0.001274541144586079,0.007007964905995615,0.005733423761409536,0.1560855597637188,-0.0009101649270753244,0.0031713915314219377,0.0011744272237776982,0.006907850985203575,0.005733423761425877,0.9857142662477679,-0.005599495986683583,0.00013392777472595287,0.005733423761409536,0.019110794149578562,0.0032280633929832737,True
10,4.0000000000000036,0.0013833193034971849,0.006917031510799883,0.005533712207302698,0.15406023713714598,-0.0009189455276870281,0.003177785139065633,0.0013741387778834074,0.006907850985203575,0.005533712207320168,0.9986727651042251,-0.005450128036122351,8.35841711803467e-05,0.005533712207302698,0.012083821079872608,0.002401028972683088,True
